  0
SECTION
  2
HEADER
  9
$ACADVER
  1
AC1014
  9
$ACADMAINTVER
 70
     9
  9
$DWGCODEPAGE
  3
ANSI_1252
  9
$INSBASE
 10
0.0
 20
0.0
 30
0.0
  9
$EXTMIN
 10
1.000000000000000E+20
 20
1.000000000000000E+20
 30
1.000000000000000E+20
  9
$EXTMAX
 10
-1.000000000000000E+20
 20
-1.000000000000000E+20
 30
-1.000000000000000E+20
  9
$LIMMIN
 10
0.0
 20
0.0
  9
$LIMMAX
 10
420.0
 20
297.0
  9
$ORTHOMODE
 70
     0
  9
$REGENMODE
 70
     1
  9
$FILLMODE
 70
     1
  9
$QTEXTMODE
 70
     0
  9
$MIRRTEXT
 70
     1
  9
$DRAGMODE
 70
     2
  9
$LTSCALE
 40
1.0
  9
$OSMODE
 70
    37
  9
$ATTMODE
 70
     1
  9
$TEXTSIZE
 40
2.5
  9
$TRACEWID
 40
1.0
  9
$TEXTSTYLE
  7
STANDARD
  9
$CLAYER
  8
0
  9
$CELTYPE
  6
BYLAYER
  9
$CECOLOR
 62
   256
  9
$CELTSCALE
 40
1.0
  9
$DELOBJ
 70
     1
  9
$DISPSILH
 70
     0
  9
$DIMSCALE
 40
1.0
  9
$DIMASZ
 40
2.5
  9
$DIMEXO
 40
0.625
  9
$DIMDLI
 40
3.75
  9
$DIMRND
 40
0.0
  9
$DIMDLE
 40
0.0
  9
$DIMEXE
 40
1.25
  9
$DIMTP
 40
0.0
  9
$DIMTM
 40
0.0
  9
$DIMTXT
 40
2.5
  9
$DIMCEN
 40
2.5
  9
$DIMTSZ
 40
0.0
  9
$DIMTOL
 70
     0
  9
$DIMLIM
 70
     0
  9
$DIMTIH
 70
     0
  9
$DIMTOH
 70
     0
  9
$DIMSE1
 70
     0
  9
$DIMSE2
 70
     0
  9
$DIMTAD
 70
     1
  9
$DIMZIN
 70
     8
  9
$DIMBLK
  1

  9
$DIMASO
 70
     1
  9
$DIMSHO
 70
     1
  9
$DIMPOST
  1

  9
$DIMAPOST
  1

  9
$DIMALT
 70
     0
  9
$DIMALTD
 70
     3
  9
$DIMALTF
 40
0.03937007874016
  9
$DIMLFAC
 40
1.0
  9
$DIMTOFL
 70
     1
  9
$DIMTVP
 40
0.0
  9
$DIMTIX
 70
     0
  9
$DIMSOXD
 70
     0
  9
$DIMSAH
 70
     0
  9
$DIMBLK1
  1

  9
$DIMBLK2
  1

  9
$DIMSTYLE
  2
ISO-25
  9
$DIMCLRD
 70
     0
  9
$DIMCLRE
 70
     0
  9
$DIMCLRT
 70
     0
  9
$DIMTFAC
 40
1.0
  9
$DIMGAP
 40
0.625
  9
$DIMJUST
 70
     0
  9
$DIMSD1
 70
     0
  9
$DIMSD2
 70
     0
  9
$DIMTOLJ
 70
     0
  9
$DIMTZIN
 70
     8
  9
$DIMALTZ
 70
     0
  9
$DIMALTTZ
 70
     0
  9
$DIMFIT
 70
     3
  9
$DIMUPT
 70
     0
  9
$DIMUNIT
 70
     2
  9
$DIMDEC
 70
     2
  9
$DIMTDEC
 70
     2
  9
$DIMALTU
 70
     2
  9
$DIMALTTD
 70
     3
  9
$DIMTXSTY
  7
STANDARD
  9
$DIMAUNIT
 70
     0
  9
$LUNITS
 70
     2
  9
$LUPREC
 70
     4
  9
$SKETCHINC
 40
1.0
  9
$FILLETRAD
 40
0.0
  9
$AUNITS
 70
     0
  9
$AUPREC
 70
     0
  9
$MENU
  1
.
  9
$ELEVATION
 40
0.0
  9
$PELEVATION
 40
0.0
  9
$THICKNESS
 40
0.0
  9
$LIMCHECK
 70
     0
  9
$CHAMFERA
 40
0.0
  9
$CHAMFERB
 40
0.0
  9
$CHAMFERC
 40
0.0
  9
$CHAMFERD
 40
0.0
  9
$SKPOLY
 70
     0
  9
$TDCREATE
 40
2461262.114687697
  9
$TDUPDATE
 40
2461262.114688565
  9
$TDINDWG
 40
0.0000000116
  9
$TDUSRTIMER
 40
0.0000000116
  9
$USRTIMER
 70
     1
  9
$ANGBASE
 50
0.0
  9
$ANGDIR
 70
     0
  9
$PDMODE
 70
     0
  9
$PDSIZE
 40
0.0
  9
$PLINEWID
 40
0.0
  9
$COORDS
 70
     1
  9
$SPLFRAME
 70
     0
  9
$SPLINETYPE
 70
     6
  9
$SPLINESEGS
 70
     8
  9
$ATTDIA
 70
     0
  9
$ATTREQ
 70
     1
  9
$HANDLING
 70
     1
  9
$HANDSEED
  5
1000019B
  9
$SURFTAB1
 70
     6
  9
$SURFTAB2
 70
     6
  9
$SURFTYPE
 70
     6
  9
$SURFU
 70
     6
  9
$SURFV
 70
     6
  9
$UCSNAME
  2

  9
$UCSORG
 10
0.0
 20
0.0
 30
0.0
  9
$UCSXDIR
 10
1.0
 20
0.0
 30
0.0
  9
$UCSYDIR
 10
0.0
 20
1.0
 30
0.0
  9
$PUCSNAME
  2

  9
$PUCSORG
 10
0.0
 20
0.0
 30
0.0
  9
$PUCSXDIR
 10
1.0
 20
0.0
 30
0.0
  9
$PUCSYDIR
 10
0.0
 20
1.0
 30
0.0
  9
$USERI1
 70
     0
  9
$USERI2
 70
     0
  9
$USERI3
 70
     0
  9
$USERI4
 70
     0
  9
$USERI5
 70
     0
  9
$USERR1
 40
0.0
  9
$USERR2
 40
0.0
  9
$USERR3
 40
0.0
  9
$USERR4
 40
0.0
  9
$USERR5
 40
0.0
  9
$WORLDVIEW
 70
     1
  9
$SHADEDGE
 70
     3
  9
$SHADEDIF
 70
    70
  9
$TILEMODE
 70
     1
  9
$MAXACTVP
 70
    64
  9
$PINSBASE
 10
0.0
 20
0.0
 30
0.0
  9
$PLIMCHECK
 70
     0
  9
$PEXTMIN
 10
1.000000000000000E+20
 20
1.000000000000000E+20
 30
1.000000000000000E+20
  9
$PEXTMAX
 10
-1.000000000000000E+20
 20
-1.000000000000000E+20
 30
-1.000000000000000E+20
  9
$PLIMMIN
 10
0.0
 20
0.0
  9
$PLIMMAX
 10
420.0
 20
297.0
  9
$UNITMODE
 70
     0
  9
$VISRETAIN
 70
     1
  9
$PLINEGEN
 70
     0
  9
$PSLTSCALE
 70
     1
  9
$TREEDEPTH
 70
  3020
  9
$PICKSTYLE
 70
     1
  9
$CMLSTYLE
  2
STANDARD
  9
$CMLJUST
 70
     0
  9
$CMLSCALE
 40
20.0
  9
$PROXYGRAPHICS
 70
     1
  9
$MEASUREMENT
 70
     1
  0
ENDSEC
  0
SECTION
  2
CLASSES
  0
CLASS
  1
ACDBDICTIONARYWDFLT
  2
AcDbDictionaryWithDefault
  3
ObjectDBX Classes
 90
        0
280
     0
281
     0
  0
CLASS
  1
VISUALSTYLE
  2
AcDbVisualStyle
  3
ObjectDBX Classes
 90
     4095
280
     0
281
     0
  0
CLASS
  1
MATERIAL
  2
AcDbMaterial
  3
ObjectDBX Classes
 90
     1153
280
     0
281
     0
  0
CLASS
  1
SCALE
  2
AcDbScale
  3
ObjectDBX Classes
 90
     1153
280
     0
281
     0
  0
CLASS
  1
TABLESTYLE
  2
AcDbTableStyle
  3
ObjectDBX Classes
 90
     4095
280
     0
281
     0
  0
CLASS
  1
MLEADERSTYLE
  2
AcDbMLeaderStyle
  3
ACDB_MLEADERSTYLE_CLASS
 90
     4095
280
     0
281
     0
  0
CLASS
  1
SUN
  2
AcDbSun
  3
SCENEOE
 90
     1153
280
     0
281
     0
  0
CLASS
  1
SORTENTSTABLE
  2
AcDbSortentsTable
  3
ObjectDBX Classes
 90
        0
280
     0
281
     0
  0
CLASS
  1
DICTIONARYVAR
  2
AcDbDictionaryVar
  3
ObjectDBX Classes
 90
        0
280
     0
281
     0
  0
CLASS
  1
XRECORD
  2
AcDbXrecord
  3
ObjectDBX Classes
 90
        0
280
     0
281
     0
  0
CLASS
  1
LWPOLYLINE
  2
AcDbPolyline
  3
ObjectDBX Classes
 90
        0
280
     0
281
     1
  0
CLASS
  1
HATCH
  2
AcDbHatch
  3
ObjectDBX Classes
 90
        0
280
     0
281
     1
  0
CLASS
  1
ACDBPLACEHOLDER
  2
AcDbPlaceHolder
  3
ObjectDBX Classes
 90
        0
280
     0
281
     0
  0
CLASS
  1
LAYOUT
  2
AcDbLayout
  3
ObjectDBX Classes
 90
        0
280
     0
281
     0
  0
ENDSEC
  0
SECTION
  2
TABLES
  0
TABLE
  2
VPORT
  5
8
102
{ACAD_XDICTIONARY
360
10000190
102
}
330
0
100
AcDbSymbolTable
 70
     1
  0
VPORT
  5
29
330
8
100
AcDbSymbolTableRecord
100
AcDbViewportTableRecord
  2
*ACTIVE
 70
     0
 10
0.0
 20
0.0
 11
1.0
 21
1.0
 12
344.1869158878504
 22
148.5
 13
0.0
 23
0.0
 14
10.0
 24
10.0
 15
10.0
 25
10.0
 16
0.0
 26
0.0
 36
1.0
 17
0.0
 27
0.0
 37
0.0
 40
297.0
 41
1.972972972850329
 42
50.0
 43
0.0
 44
0.0
 50
0.0
 51
0.0
 71
     0
 72
   100
 73
     1
 74
     3
 75
     0
 76
     0
 77
     0
 78
     0
  0
ENDTAB
  0
TABLE
  2
LTYPE
  5
5
330
0
100
AcDbSymbolTable
 70
     7
  0
LTYPE
  5
14
330
5
100
AcDbSymbolTableRecord
100
AcDbLinetypeTableRecord
  2
BYBLOCK
 70
     0
  3

 72
    65
 73
     0
 40
0.0
  0
LTYPE
  5
15
330
5
100
AcDbSymbolTableRecord
100
AcDbLinetypeTableRecord
  2
BYLAYER
 70
     0
  3

 72
    65
 73
     0
 40
0.0
  0
LTYPE
  5
16
330
5
100
AcDbSymbolTableRecord
100
AcDbLinetypeTableRecord
  2
CONTINUOUS
 70
     0
  3
Solid line
 72
    65
 73
     0
 40
0.0
  0
LTYPE
  5
10000024
330
5
100
AcDbSymbolTableRecord
100
AcDbLinetypeTableRecord
  2
ONS_PHANTOM
 70
     0
  3
Onshape Phantom line ______ __ __ ______
 72
    65
 73
     6
 40
0.4999999999999999
 49
0.25
 74
     0
 49
-0.05
 74
     0
 49
0.05
 74
     0
 49
-0.05
 74
     0
 49
0.05
 74
     0
 49
-0.05
 74
     0
  0
LTYPE
  5
10000025
330
5
100
AcDbSymbolTableRecord
100
AcDbLinetypeTableRecord
  2
CENTER
 70
     0
  3
Center line ____ _ ____ _ ____ _
 72
    65
 73
     4
 40
0.7874015748031495
 49
0.4921259842519685
 74
     0
 49
-0.0984251968503937
 74
     0
 49
0.0984251968503937
 74
     0
 49
-0.0984251968503937
 74
     0
  0
LTYPE
  5
10000026
330
5
100
AcDbSymbolTableRecord
100
AcDbLinetypeTableRecord
  2
DASHED
 70
     0
  3
Dashed line __ __ __ __ __
 72
    65
 73
     2
 40
0.75
 49
0.5
 74
     0
 49
-0.25
 74
     0
  0
LTYPE
  5
10000027
330
5
100
AcDbSymbolTableRecord
100
AcDbLinetypeTableRecord
  2
ONS_DASHDOT
 70
     0
  3
Onshape Dashed with Dot _ . ____ . ____
 72
    65
 73
     4
 40
0.71
 49
0.5
 74
     0
 49
-0.1
 74
     0
 49
0.01
 74
     0
 49
-0.1
 74
     0
  0
LTYPE
  5
10000028
330
5
100
AcDbSymbolTableRecord
100
AcDbLinetypeTableRecord
  2
ONS_DOTTED
 70
     0
  3
Onshape Dotted line . . . . . . .
 72
    65
 73
     2
 40
0.11
 49
0.01
 74
     0
 49
-0.1
 74
     0
  0
LTYPE
  5
10000029
330
5
100
AcDbSymbolTableRecord
100
AcDbLinetypeTableRecord
  2
HIDDEN
 70
     0
  3
Hidden line ____ ____ ____ ____ 
 72
    65
 73
     2
 40
0.15
 49
0.1
 74
     0
 49
-0.05
 74
     0
  0
ENDTAB
  0
TABLE
  2
LAYER
  5
2
330
0
100
AcDbSymbolTable
 70
    48
  0
LAYER
  5
10
330
2
100
AcDbSymbolTableRecord
100
AcDbLayerTableRecord
  2
0
 70
     0
 62
     7
  6
CONTINUOUS
  0
LAYER
  5
1000002A
330
2
100
AcDbSymbolTableRecord
100
AcDbLayerTableRecord
  2
SECTION_CUTTING_LINE
 70
     0
 62
     7
  6
ONS_DASHDOT
  0
LAYER
  5
1000002B
330
2
100
AcDbSymbolTableRecord
100
AcDbLayerTableRecord
  2
DETAIL_VIEW_BORDER
 70
     0
 62
     7
  6
CONTINUOUS
  0
LAYER
  5
1000002C
330
2
100
AcDbSymbolTableRecord
100
AcDbLayerTableRecord
  2
DETAIL_VIEW_PARENT_BORDER
 70
     0
 62
     7
  6
ONS_PHANTOM
  0
LAYER
  5
1000002D
330
2
100
AcDbSymbolTableRecord
100
AcDbLayerTableRecord
  2
TEXT
 70
     0
 62
     7
  6
CONTINUOUS
  0
LAYER
  5
1000002E
330
2
100
AcDbSymbolTableRecord
100
AcDbLayerTableRecord
  2
SKETCHED_GEOMETRY
 70
     0
 62
    -7
  6
CONTINUOUS
  0
LAYER
  5
1000002F
330
2
100
AcDbSymbolTableRecord
100
AcDbLayerTableRecord
  2
VIRTUAL_SHARPS
 70
     0
 62
    -7
  6
CONTINUOUS
  0
LAYER
  5
10000030
330
2
100
AcDbSymbolTableRecord
100
AcDbLayerTableRecord
  2
CENTERLINES
 70
     0
 62
    -7
  6
CENTER
  0
LAYER
  5
10000031
330
2
100
AcDbSymbolTableRecord
100
AcDbLayerTableRecord
  2
CENTERMARKS
 70
     0
 62
    -7
  6
CONTINUOUS
  0
LAYER
  5
10000032
330
2
100
AcDbSymbolTableRecord
100
AcDbLayerTableRecord
  2
TABLES
 70
     0
 62
     7
  6
CONTINUOUS
  0
LAYER
  5
10000033
330
2
100
AcDbSymbolTableRecord
100
AcDbLayerTableRecord
  2
IMAGES
 70
     0
 62
    -7
  6
CONTINUOUS
  0
LAYER
  5
10000034
330
2
100
AcDbSymbolTableRecord
100
AcDbLayerTableRecord
  2
ANNOTATION_LINES
 70
     0
 62
    -7
  6
CONTINUOUS
  0
LAYER
  5
10000035
330
2
100
AcDbSymbolTableRecord
100
AcDbLayerTableRecord
  2
ANNOTATION_TEXT
 70
     0
 62
    -7
  6
CONTINUOUS
  0
LAYER
  5
10000036
330
2
100
AcDbSymbolTableRecord
100
AcDbLayerTableRecord
  2
SIDE_THREAD_SYMBOLS
 70
     0
 62
     7
  6
CONTINUOUS
  0
LAYER
  5
10000037
330
2
100
AcDbSymbolTableRecord
100
AcDbLayerTableRecord
  2
SIDE_THREAD_SYMBOLS_HIDDEN
 70
     0
 62
    -7
  6
HIDDEN
  0
LAYER
  5
10000038
330
2
100
AcDbSymbolTableRecord
100
AcDbLayerTableRecord
  2
SURFACE_THREAD_SYMBOLS
 70
     0
 62
     7
  6
CONTINUOUS
  0
LAYER
  5
10000039
330
2
100
AcDbSymbolTableRecord
100
AcDbLayerTableRecord
  2
SURFACE_THREAD_SYMBOLS_ON_
 70
     0
 62
     7
  6
CONTINUOUS
  0
LAYER
  5
1000003A
330
2
100
AcDbSymbolTableRecord
100
AcDbLayerTableRecord
  2
SURFACE_THREAD_SYMBOLS_HID
 70
     0
 62
    -7
  6
HIDDEN
  0
LAYER
  5
1000003B
330
2
100
AcDbSymbolTableRecord
100
AcDbLayerTableRecord
  2
BLIND_THREAD_SYMBOLS
 70
     0
 62
     7
  6
CONTINUOUS
  0
LAYER
  5
1000003C
330
2
100
AcDbSymbolTableRecord
100
AcDbLayerTableRecord
  2
BLIND_THREAD_SYMBOLS_HIDDE
 70
     0
 62
    -7
  6
HIDDEN
  0
LAYER
  5
1000003D
330
2
100
AcDbSymbolTableRecord
100
AcDbLayerTableRecord
  2
EXPLODE_LINES
 70
     0
 62
     7
  6
ONS_PHANTOM
  0
LAYER
  5
1000003E
330
2
100
AcDbSymbolTableRecord
100
AcDbLayerTableRecord
  2
HIDDEN_EXPLODE_LINES
 70
     0
 62
    -7
  6
ONS_PHANTOM
  0
LAYER
  5
1000003F
330
2
100
AcDbSymbolTableRecord
100
AcDbLayerTableRecord
  2
BREAK_LINES
 70
     0
 62
    -7
  6
CONTINUOUS
  0
LAYER
  5
10000040
330
2
100
AcDbSymbolTableRecord
100
AcDbLayerTableRecord
  2
SHEETMETAL_BEND_LINES_UP
 70
     0
 62
     7
  6
CENTER
  0
LAYER
  5
10000041
330
2
100
AcDbSymbolTableRecord
100
AcDbLayerTableRecord
  2
SHEETMETAL_BEND_LINES_DOWN
 70
     0
 62
     7
  6
CENTER
  0
LAYER
  5
10000042
330
2
100
AcDbSymbolTableRecord
100
AcDbLayerTableRecord
  2
SHEETMETAL_BEND_TANGENT_LI
 70
     0
 62
     7
  6
CONTINUOUS
  0
LAYER
  5
10000043
330
2
100
AcDbSymbolTableRecord
100
AcDbLayerTableRecord
  2
SHEETMETAL_CUT_LINES
 70
     0
 62
     7
  6
CONTINUOUS
  0
LAYER
  5
10000044
330
2
100
AcDbSymbolTableRecord
100
AcDbLayerTableRecord
  2
SHEETMETAL_CBORE_CSINK_UP
 70
     0
 62
     7
  6
CONTINUOUS
  0
LAYER
  5
10000045
330
2
100
AcDbSymbolTableRecord
100
AcDbLayerTableRecord
  2
SHEETMETAL_CBORE_CSINK_DOW
 70
     0
 62
     7
  6
CONTINUOUS
  0
LAYER
  5
10000046
330
2
100
AcDbSymbolTableRecord
100
AcDbLayerTableRecord
  2
SHEETMETAL_CBORE_CSINK_UP_
 70
     0
 62
    -7
  6
HIDDEN
  0
LAYER
  5
10000047
330
2
100
AcDbSymbolTableRecord
100
AcDbLayerTableRecord
  2
SHEETMETAL_CBORE_CSINK_DO0
 70
     0
 62
    -7
  6
HIDDEN
  0
LAYER
  5
10000048
330
2
100
AcDbSymbolTableRecord
100
AcDbLayerTableRecord
  2
SHEETMETAL_FORM_TEAR
 70
     0
 62
     7
  6
CONTINUOUS
  0
LAYER
  5
10000049
330
2
100
AcDbSymbolTableRecord
100
AcDbLayerTableRecord
  2
SHEETMETAL_FORM_UP
 70
     0
 62
     7
  6
CENTER
  0
LAYER
  5
1000004A
330
2
100
AcDbSymbolTableRecord
100
AcDbLayerTableRecord
  2
SHEETMETAL_FORM_DOWN
 70
     0
 62
     7
  6
CENTER
  0
LAYER
  5
1000004B
330
2
100
AcDbSymbolTableRecord
100
AcDbLayerTableRecord
  2
SHEETMETAL_FORM_CENTERMARK
 70
     0
 62
     7
  6
CENTER
  0
LAYER
  5
1000004C
330
2
100
AcDbSymbolTableRecord
100
AcDbLayerTableRecord
  2
REGION_ASSOC_POINTS
 70
     0
 62
    -7
  6
CONTINUOUS
  0
LAYER
  5
1000004D
330
2
100
AcDbSymbolTableRecord
100
AcDbLayerTableRecord
  2
PATTERN_CENTERLINES
 70
     1
 62
    -7
  6
CENTER
  0
LAYER
  5
1000004E
330
2
100
AcDbSymbolTableRecord
100
AcDbLayerTableRecord
  2
HIDDEN
 70
     0
 62
    -7
  6
HIDDEN
  0
LAYER
  5
1000004F
330
2
100
AcDbSymbolTableRecord
100
AcDbLayerTableRecord
  2
VISIBLE
 70
     0
 62
     7
  6
CONTINUOUS
  0
LAYER
  5
10000050
330
2
100
AcDbSymbolTableRecord
100
AcDbLayerTableRecord
  2
MODELSKETCH_VISIBLE
 70
     0
 62
     7
  6
CONTINUOUS
  0
LAYER
  5
10000051
330
2
100
AcDbSymbolTableRecord
100
AcDbLayerTableRecord
  2
MODELSKETCH_POINT
 70
     0
 62
     7
  6
CONTINUOUS
  0
LAYER
  5
10000052
330
2
100
AcDbSymbolTableRecord
100
AcDbLayerTableRecord
  2
MODELSKETCH_CONSTRUCTION
 70
     0
 62
    -7
  6
CENTER
  0
LAYER
  5
10000053
330
2
100
AcDbSymbolTableRecord
100
AcDbLayerTableRecord
  2
HIDDEN_BASE_VIEW
 70
     0
 62
     7
  6
CONTINUOUS
  0
LAYER
  5
10000054
330
2
100
AcDbSymbolTableRecord
100
AcDbLayerTableRecord
  2
TANGENT_LINES
 70
     0
 62
    -7
  6
CONTINUOUS
  0
LAYER
  5
10000055
330
2
100
AcDbSymbolTableRecord
100
AcDbLayerTableRecord
  2
TANGENT_HIDDEN
 70
     0
 62
    -7
  6
HIDDEN
  0
LAYER
  5
10000056
330
2
100
AcDbSymbolTableRecord
100
AcDbLayerTableRecord
  2
INVISIBLE_LINES
 70
     0
 62
    -7
  6
CONTINUOUS
  0
LAYER
  5
10000057
330
2
100
AcDbSymbolTableRecord
100
AcDbLayerTableRecord
  2
VIEW_HATCHES
 70
     0
 62
    -7
  6
CONTINUOUS
  0
LAYER
  5
10000058
330
2
100
AcDbSymbolTableRecord
100
AcDbLayerTableRecord
  2
SECTION_JOG_LINES
 70
     0
 62
    -7
  6
CONTINUOUS
  0
ENDTAB
  0
TABLE
  2
STYLE
  5
3
330
0
100
AcDbSymbolTable
 70
     2
  0
STYLE
  5
11
330
3
100
AcDbSymbolTableRecord
100
AcDbTextStyleTableRecord
  2
STANDARD
 70
     0
 40
0.0
 41
1.0
 50
0.0
 71
     0
 42
2.5
  3
txt
  4

  0
STYLE
  5
10000004
330
3
100
AcDbSymbolTableRecord
100
AcDbTextStyleTableRecord
  2
TTFSTYLE
 70
     0
 40
0.0
 41
1.0
 50
0.0
 71
     0
 42
2.5
  3

  4

1001
ACAD
1000
Verdana
1071
       34
  0
ENDTAB
  0
TABLE
  2
VIEW
  5
6
330
0
100
AcDbSymbolTable
 70
     0
  0
ENDTAB
  0
TABLE
  2
UCS
  5
7
330
0
100
AcDbSymbolTable
 70
     0
  0
ENDTAB
  0
TABLE
  2
APPID
  5
9
330
0
100
AcDbSymbolTable
 70
     2
  0
APPID
  5
12
330
9
100
AcDbSymbolTableRecord
100
AcDbRegAppTableRecord
  2
ACAD
 70
     0
  0
APPID
  5
1000019A
330
9
100
AcDbSymbolTableRecord
100
AcDbRegAppTableRecord
  2
ACAD_MLEADERVER
 70
     0
  0
ENDTAB
  0
TABLE
  2
DIMSTYLE
  5
A
330
0
100
AcDbSymbolTable
 70
     1
  0
DIMSTYLE
105
27
330
A
100
AcDbSymbolTableRecord
100
AcDbDimStyleTableRecord
  2
ISO-25
 70
     0
  3

  4

  5

  6

  7

 40
1.0
 41
2.5
 42
0.625
 43
3.75
 44
1.25
 45
0.0
 46
0.0
 47
0.0
 48
0.0
140
2.5
141
2.5
142
0.0
143
0.03937007874016
144
1.0
145
0.0
146
1.0
147
0.625
 71
     0
 72
     0
 73
     0
 74
     0
 75
     0
 76
     0
 77
     1
 78
     8
170
     0
171
     3
172
     1
173
     0
174
     0
175
     0
176
     0
177
     0
178
     0
270
     2
271
     2
272
     2
273
     2
274
     3
340
11
275
     0
280
     0
281
     0
282
     0
283
     0
284
     8
285
     0
286
     0
287
     3
288
     0
  0
ENDTAB
  0
TABLE
  2
BLOCK_RECORD
  5
1
330
0
100
AcDbSymbolTable
 70
     0
  0
BLOCK_RECORD
  5
1F
102
{ACAD_XDICTIONARY
360
10000161
102
}
330
1
100
AcDbSymbolTableRecord
100
AcDbBlockTableRecord
  2
*MODEL_SPACE
  0
BLOCK_RECORD
  5
1B
330
1
100
AcDbSymbolTableRecord
100
AcDbBlockTableRecord
  2
*PAPER_SPACE
  0
ENDTAB
  0
ENDSEC
  0
SECTION
  2
BLOCKS
  0
BLOCK
  5
20
330
1F
100
AcDbEntity
  8
0
100
AcDbBlockBegin
  2
*MODEL_SPACE
 70
     0
 10
0.0
 20
0.0
 30
0.0
  3
*MODEL_SPACE
  1

  0
ENDBLK
  5
21
330
1F
100
AcDbEntity
  8
0
100
AcDbBlockEnd
  0
BLOCK
  5
1C
330
1B
100
AcDbEntity
 67
     1
  8
0
100
AcDbBlockBegin
  2
*PAPER_SPACE
 70
     0
 10
0.0
 20
0.0
 30
0.0
  3
*PAPER_SPACE
  1

  0
ENDBLK
  5
1D
330
1B
100
AcDbEntity
 67
     1
  8
0
100
AcDbBlockEnd
  0
ENDSEC
  0
SECTION
  2
ENTITIES
  0
LINE
  5
10000059
102
{ACAD_XDICTIONARY
360
1000005A
102
}
330
1F
100
AcDbEntity
  8
MODELSKETCH_VISIBLE
100
AcDbLine
 10
185.073850123626
 20
32.22115445137023
 30
0.0
 11
185.073850123626
 21
24.22115445137021
 31
0.0
  0
LINE
  5
1000005D
102
{ACAD_XDICTIONARY
360
1000005E
102
}
330
1F
100
AcDbEntity
  8
MODELSKETCH_VISIBLE
100
AcDbLine
 10
78.56424500368466
 20
32.22115445137023
 30
0.0
 11
88.56424500368465
 21
32.22115445137024
 31
0.0
  0
LINE
  5
10000061
102
{ACAD_XDICTIONARY
360
10000062
102
}
330
1F
100
AcDbEntity
  8
MODELSKETCH_VISIBLE
100
AcDbLine
 10
78.56424500368463
 20
84.22115445137024
 30
0.0
 11
88.56424500368462
 21
84.22115445137025
 31
0.0
  0
LINE
  5
10000065
102
{ACAD_XDICTIONARY
360
10000066
102
}
330
1F
100
AcDbEntity
  8
MODELSKETCH_VISIBLE
100
AcDbLine
 10
78.56424500368468
 20
32.22115445137023
 30
0.0
 11
78.56424500368468
 21
24.22115445137023
 31
0.0
  0
LINE
  5
10000069
102
{ACAD_XDICTIONARY
360
1000006A
102
}
330
1F
100
AcDbEntity
  8
MODELSKETCH_VISIBLE
100
AcDbLine
 10
66.56424500368465
 20
32.22115445137023
 30
0.0
 11
66.56424500368465
 21
24.22115445137021
 31
0.0
  0
LINE
  5
1000006D
102
{ACAD_XDICTIONARY
360
1000006E
102
}
330
1F
100
AcDbEntity
  8
MODELSKETCH_VISIBLE
100
AcDbLine
 10
66.56424500368465
 20
24.22115445137021
 30
0.0
 11
78.56424500368468
 21
24.22115445137022
 31
0.0
  0
LINE
  5
10000071
102
{ACAD_XDICTIONARY
360
10000072
102
}
330
1F
100
AcDbEntity
  8
MODELSKETCH_VISIBLE
100
AcDbLine
 10
78.56424500368465
 20
84.22115445137024
 30
0.0
 11
78.56424500368465
 21
92.22115445137024
 31
0.0
  0
LINE
  5
10000075
102
{ACAD_XDICTIONARY
360
10000076
102
}
330
1F
100
AcDbEntity
  8
MODELSKETCH_VISIBLE
100
AcDbLine
 10
66.56424500368463
 20
84.22115445137023
 30
0.0
 11
66.56424500368463
 21
92.22115445137024
 31
0.0
  0
LINE
  5
10000079
102
{ACAD_XDICTIONARY
360
1000007A
102
}
330
1F
100
AcDbEntity
  8
MODELSKETCH_VISIBLE
100
AcDbLine
 10
185.073850123626
 20
84.22115445137023
 30
0.0
 11
185.073850123626
 21
92.22115445137024
 31
0.0
  0
CIRCLE
  5
1000007D
102
{ACAD_XDICTIONARY
360
1000007E
102
}
330
1F
100
AcDbEntity
  8
MODELSKETCH_VISIBLE
100
AcDbCircle
 10
192.9471253100686
 20
264.8049565553665
 30
0.0
 40
0.8
  0
LINE
  5
10000081
102
{ACAD_XDICTIONARY
360
10000082
102
}
330
1F
100
AcDbEntity
  8
MODELSKETCH_VISIBLE
100
AcDbLine
 10
218.1971253100686
 20
261.5549565553665
 30
0.0
 11
218.1971253100686
 21
253.0549565553665
 31
0.0
  0
LINE
  5
10000085
102
{ACAD_XDICTIONARY
360
10000086
102
}
330
1F
100
AcDbEntity
  8
MODELSKETCH_VISIBLE
100
AcDbLine
 10
204.6971253100686
 20
239.5549565553665
 30
0.0
 11
213.1971253100686
 21
239.5549565553665
 31
0.0
  0
LINE
  5
10000089
102
{ACAD_XDICTIONARY
360
1000008A
102
}
330
1F
100
AcDbEntity
  8
MODELSKETCH_VISIBLE
100
AcDbLine
 10
191.1971253100687
 20
244.5549565553665
 30
0.0
 11
196.1971253100687
 21
244.5549565553665
 31
0.0
  0
LINE
  5
1000008D
102
{ACAD_XDICTIONARY
360
1000008E
102
}
330
1F
100
AcDbEntity
  8
MODELSKETCH_VISIBLE
100
AcDbLine
 10
196.1971253100687
 20
239.5549565553665
 30
0.0
 11
196.1971253100687
 21
244.5549565553665
 31
0.0
  0
LINE
  5
10000091
102
{ACAD_XDICTIONARY
360
10000092
102
}
330
1F
100
AcDbEntity
  8
MODELSKETCH_VISIBLE
100
AcDbLine
 10
218.1971253100686
 20
244.5549565553665
 30
0.0
 11
213.1971253100686
 21
244.5549565553665
 31
0.0
  0
LINE
  5
10000095
102
{ACAD_XDICTIONARY
360
10000096
102
}
330
1F
100
AcDbEntity
  8
MODELSKETCH_VISIBLE
100
AcDbLine
 10
213.1971253100686
 20
239.5549565553665
 30
0.0
 11
213.1971253100686
 21
244.5549565553665
 31
0.0
  0
LINE
  5
10000099
102
{ACAD_XDICTIONARY
360
1000009A
102
}
330
1F
100
AcDbEntity
  8
MODELSKETCH_VISIBLE
100
AcDbLine
 10
218.1971253100686
 20
261.5549565553665
 30
0.0
 11
213.1971253100686
 21
261.5549565553665
 31
0.0
  0
LINE
  5
1000009D
102
{ACAD_XDICTIONARY
360
1000009E
102
}
330
1F
100
AcDbEntity
  8
MODELSKETCH_VISIBLE
100
AcDbLine
 10
66.55058355689467
 20
298.8175278902054
 30
0.0
 11
75.75058355689467
 21
298.8175278902054
 31
0.0
  0
LINE
  5
100000A1
102
{ACAD_XDICTIONARY
360
100000A2
102
}
330
1F
100
AcDbEntity
  8
MODELSKETCH_VISIBLE
100
AcDbLine
 10
173.073850123626
 20
84.22115445137024
 30
0.0
 11
163.073850123626
 21
84.22115445137024
 31
0.0
  0
LINE
  5
100000A5
102
{ACAD_XDICTIONARY
360
100000A6
102
}
330
1F
100
AcDbEntity
  8
MODELSKETCH_VISIBLE
100
AcDbLine
 10
185.073850123626
 20
92.22115445137024
 30
0.0
 11
173.073850123626
 21
92.22115445137024
 31
0.0
  0
LINE
  5
100000A9
102
{ACAD_XDICTIONARY
360
100000AA
102
}
330
1F
100
AcDbEntity
  8
MODELSKETCH_VISIBLE
100
AcDbLine
 10
213.1971253100686
 20
266.5549565553665
 30
0.0
 11
213.1971253100686
 21
261.5549565553665
 31
0.0
  0
LINE
  5
100000AD
102
{ACAD_XDICTIONARY
360
100000AE
102
}
330
1F
100
AcDbEntity
  8
MODELSKETCH_VISIBLE
100
AcDbLine
 10
173.0738501236259
 20
32.22115445137023
 30
0.0
 11
173.0738501236259
 21
24.22115445137023
 31
0.0
  0
LINE
  5
100000B1
102
{ACAD_XDICTIONARY
360
100000B2
102
}
330
1F
100
AcDbEntity
  8
MODELSKETCH_VISIBLE
100
AcDbLine
 10
173.073850123626
 20
32.22115445137023
 30
0.0
 11
163.073850123626
 21
32.22115445137024
 31
0.0
  0
LINE
  5
100000B5
102
{ACAD_XDICTIONARY
360
100000B6
102
}
330
1F
100
AcDbEntity
  8
MODELSKETCH_VISIBLE
100
AcDbLine
 10
195.073850123626
 20
84.22115445137021
 30
0.0
 11
195.073850123626
 21
32.22115445137023
 31
0.0
  0
LINE
  5
100000B9
102
{ACAD_XDICTIONARY
360
100000BA
102
}
330
1F
100
AcDbEntity
  8
MODELSKETCH_VISIBLE
100
AcDbLine
 10
196.1971253100687
 20
266.5549565553665
 30
0.0
 11
196.1971253100687
 21
261.5549565553665
 31
0.0
  0
LINE
  5
100000BD
102
{ACAD_XDICTIONARY
360
100000BE
102
}
330
1F
100
AcDbEntity
  8
MODELSKETCH_VISIBLE
100
AcDbLine
 10
185.073850123626
 20
24.22115445137021
 30
0.0
 11
173.0738501236259
 21
24.22115445137022
 31
0.0
  0
LINE
  5
100000C1
102
{ACAD_XDICTIONARY
360
100000C2
102
}
330
1F
100
AcDbEntity
  8
MODELSKETCH_VISIBLE
100
AcDbLine
 10
66.56424500368462
 20
92.22115445137024
 30
0.0
 11
78.56424500368466
 21
92.22115445137024
 31
0.0
  0
LINE
  5
100000C5
102
{ACAD_XDICTIONARY
360
100000C6
102
}
330
1F
100
AcDbEntity
  8
MODELSKETCH_VISIBLE
100
AcDbLine
 10
46.55058355689467
 20
252.1576440579804
 30
0.0
 11
43.05058355689467
 21
252.1576440579804
 31
0.0
  0
LINE
  5
100000C9
102
{ACAD_XDICTIONARY
360
100000CA
102
}
330
1F
100
AcDbEntity
  8
MODELSKETCH_VISIBLE
100
AcDbLine
 10
56.56424500368464
 20
84.22115445137023
 30
0.0
 11
66.56424500368462
 21
84.22115445137024
 31
0.0
  0
LINE
  5
100000CD
102
{ACAD_XDICTIONARY
360
100000CE
102
}
330
1F
100
AcDbEntity
  8
MODELSKETCH_VISIBLE
100
AcDbLine
 10
154.7030374562023
 20
307.418368883191
 30
0.0
 11
97.36142547418683
 21
307.418368883191
 31
0.0
  0
LINE
  5
100000D1
102
{ACAD_XDICTIONARY
360
100000D2
102
}
330
1F
100
AcDbEntity
  8
MODELSKETCH_VISIBLE
100
AcDbLine
 10
66.55058355689468
 20
298.8175278902054
 30
0.0
 11
66.55058355689468
 21
238.8175278902054
 31
0.0
  0
LINE
  5
100000D5
102
{ACAD_XDICTIONARY
360
100000D6
102
}
330
1F
100
AcDbEntity
  8
MODELSKETCH_VISIBLE
100
AcDbLine
 10
43.05058355689467
 20
272.1576440579804
 30
0.0
 11
43.05058355689467
 21
265.6576440579804
 31
0.0
  0
LINE
  5
100000D9
102
{ACAD_XDICTIONARY
360
100000DA
102
}
330
1F
100
AcDbEntity
  8
MODELSKETCH_VISIBLE
100
AcDbLine
 10
154.5954390643777
 20
271.0789565835973
 30
0.0
 11
154.7030374562023
 21
307.418368883191
 31
0.0
  0
LINE
  5
100000DD
102
{ACAD_XDICTIONARY
360
100000DE
102
}
330
1F
100
AcDbEntity
  8
MODELSKETCH_VISIBLE
100
AcDbLine
 10
66.55058355689468
 20
238.8175278902054
 30
0.0
 11
75.75058355689467
 21
238.8175278902054
 31
0.0
  0
SPLINE
  5
100000E1
102
{ACAD_XDICTIONARY
360
100000E2
102
}
330
1F
100
AcDbEntity
  8
MODELSKETCH_VISIBLE
100
AcDbSpline
210
0.0
220
0.0
230
1.0
 70
    11
 71
     3
 72
    91
 73
    87
 74
     0
 42
0.0000000001
 43
0.00000001
 40
0.0
 40
0.0
 40
0.0
 40
0.0
 40
0.0054986530576442
 40
0.0143010138387751
 40
0.0226376137365151
 40
0.032381571741373
 40
0.0408837844930859
 40
0.0505133200830114
 40
0.0595525378560729
 40
0.0716683020355671
 40
0.0847426514323614
 40
0.097901151565853
 40
0.1101914841654597
 40
0.1221541498500731
 40
0.1329845791846269
 40
0.1446198012613829
 40
0.1556237639508827
 40
0.1659583609747793
 40
0.1800452674730401
 40
0.1982610137424971
 40
0.2205427837765544
 40
0.2411858697563551
 40
0.2614573756098
 40
0.2773094790980628
 40
0.2885541606522617
 40
0.3004723830268253
 40
0.3062371422005619
 40
0.3142624966430929
 40
0.3266280177459329
 40
0.341882386205321
 40
0.3541550778852247
 40
0.3697908562230682
 40
0.3886934080826857
 40
0.4073976267233839
 40
0.4281281696446367
 40
0.4466793694285895
 40
0.4552286140764616
 40
0.4597919487461903
 40
0.465751579200229
 40
0.4752471061032564
 40
0.4848997193011642
 40
0.4935974324074759
 40
0.5017205831698649
 40
0.5105418971426758
 40
0.5197851372679301
 40
0.5290688346317407
 40
0.5400530729381331
 40
0.5516598920720784
 40
0.5623206901543943
 40
0.5747053767949886
 40
0.5847676843472963
 40
0.5963730730178033
 40
0.6051195486082049
 40
0.6147627549490218
 40
0.6241629504241949
 40
0.6340992070679993
 40
0.6446631468755566
 40
0.6613078362511272
 40
0.6826816872304842
 40
0.7005053804075008
 40
0.7142601472615563
 40
0.7296200536479651
 40
0.7445612331849647
 40
0.7581131342138371
 40
0.7716384636686633
 40
0.7872338576164799
 40
0.8005296531577347
 40
0.812699075430023
 40
0.8211104673612697
 40
0.8273315653328334
 40
0.8354369482984995
 40
0.8485015240015527
 40
0.8573032135455946
 40
0.8701027916195686
 40
0.8835239224433559
 40
0.8952134311367062
 40
0.9075401307207048
 40
0.9208802708497166
 40
0.934968471551825
 40
0.9473599851488811
 40
0.9618027563593035
 40
0.9730907487068642
 40
0.9821037741437985
 40
0.9895607688015707
 40
0.9952659475901683
 40
1.0
 40
1.0
 40
1.0
 40
1.0
 10
70.89682668447493
 20
188.5181028228088
 30
0.0
 10
71.04340833233535
 20
188.3724217376871
 30
0.0
 10
71.24968746618669
 20
187.8802490203563
 30
0.0
 10
70.82022869267546
 20
186.1816378198004
 30
0.0
 10
70.26024506846929
 20
184.8720489980627
 30
0.0
 10
70.66122500546798
 20
182.6806178750904
 30
0.0
 10
71.74079209380062
 20
181.5340433288933
 30
0.0
 10
73.73431098107969
 20
180.6865622310086
 30
0.0
 10
75.58674121973085
 20
181.2634842417252
 30
0.0
 10
77.64308163597926
 20
183.912421851939
 30
0.0
 10
78.54138640327801
 20
187.4142631743395
 30
0.0
 10
79.19901640133716
 20
191.122496656373
 30
0.0
 10
78.7395806598484
 20
194.3929759269365
 30
0.0
 10
77.49925335698407
 20
197.2467539657503
 30
0.0
 10
76.06056065733866
 20
199.539387452979
 30
0.0
 10
72.92676980200633
 20
200.0458304091612
 30
0.0
 10
70.35593561986468
 20
199.2862294235484
 30
0.0
 10
68.36712157647334
 20
197.8419201119039
 30
0.0
 10
66.16746897020779
 20
193.8369031085377
 30
0.0
 10
63.87427936365874
 20
187.2040270990346
 30
0.0
 10
60.26460012327072
 20
177.1389441094749
 30
0.0
 10
56.95919949061366
 20
168.8486438396463
 30
0.0
 10
52.57297979857154
 20
161.1974761450562
 30
0.0
 10
49.65601309620508
 20
156.3576985279927
 30
0.0
 10
48.18913719375988
 20
154.2233270554667
 30
0.0
 10
46.21043192931015
 20
151.6580106509732
 30
0.0
 10
45.51774840027996
 20
151.1998382245774
 30
0.0
 10
45.71503154881264
 20
149.5424869253583
 30
0.0
 10
45.47172227539419
 20
146.3903788316532
 30
0.0
 10
45.24997567526906
 20
141.3497225801191
 30
0.0
 10
44.84045996203292
 20
138.1506774760422
 30
0.0
 10
43.79033371804529
 20
132.7999581523879
 30
0.0
 10
41.43187452272922
 20
125.5047921512015
 30
0.0
 10
39.45244507559023
 20
118.2931844869885
 30
0.0
 10
36.53682462707895
 20
109.8787093178536
 30
0.0
 10
33.69040571787011
 20
103.0054597653161
 30
0.0
 10
33.18167558756186
 20
101.1224161829483
 30
0.0
 10
32.47489748971182
 20
101.0512068416533
 30
0.0
 10
32.00205200827449
 20
101.8859701345143
 30
0.0
 10
32.44503485876536
 20
103.7957681834816
 30
0.0
 10
32.56365492305917
 20
105.7517719577851
 30
0.0
 10
31.95289793057832
 20
107.3562106140969
 30
0.0
 10
31.03342811955368
 20
108.4545206983205
 30
0.0
 10
29.28179435547353
 20
109.2760886005864
 30
0.0
 10
27.68653758451889
 20
108.0009595899558
 30
0.0
 10
26.23624845403837
 20
106.811418914612
 30
0.0
 10
25.37518139364617
 20
104.2863851515058
 30
0.0
 10
24.64939293469305
 20
101.45043031519
 30
0.0
 10
24.57956121832671
 20
99.06626923105678
 30
0.0
 10
24.71775924876174
 20
95.65719009125958
 30
0.0
 10
25.17614257486075
 20
93.58341115046849
 30
0.0
 10
27.25349866343394
 20
91.27095331367009
 30
0.0
 10
28.77718452274139
 20
90.64723114061655
 30
0.0
 10
30.91546288237927
 20
90.55937749488463
 30
0.0
 10
32.64801391865628
 20
91.36424179925446
 30
0.0
 10
34.48734496122643
 20
92.65129176506265
 30
0.0
 10
35.92022671181044
 20
94.75921015439127
 30
0.0
 10
38.63998894871543
 20
100.207105508424
 30
0.0
 10
41.86200714331434
 20
109.110314626712
 30
0.0
 10
44.58569489991089
 20
115.4567490072462
 30
0.0
 10
46.06695050732232
 20
119.338531812159
 30
0.0
 10
47.84109864094079
 20
124.190571288654
 30
0.0
 10
49.87500141015267
 20
128.4949814198557
 30
0.0
 10
52.17100152024662
 20
131.8554826998534
 30
0.0
 10
54.06462261346311
 20
135.2764864998589
 30
0.0
 10
57.29149226040958
 20
139.4760983949548
 30
0.0
 10
59.19570401813018
 20
142.6220141757624
 30
0.0
 10
61.52698039195287
 20
144.9268566319714
 30
0.0
 10
62.53665602104269
 20
146.121273915161
 30
0.0
 10
63.1454005298946
 20
146.8883970346629
 30
0.0
 10
63.01574588314328
 20
148.3314077545436
 30
0.0
 10
63.16106475670258
 20
152.0813923963253
 30
0.0
 10
63.23633965079416
 20
153.614973247209
 30
0.0
 10
63.06852693191379
 20
157.3073981661898
 30
0.0
 10
63.57821224442253
 20
161.0441833791099
 30
0.0
 10
63.87483464414022
 20
164.0019816729677
 30
0.0
 10
64.16115044173945
 20
167.3525221038941
 30
0.0
 10
64.98708478219966
 20
171.0213057402038
 30
0.0
 10
66.06380691295271
 20
175.2575207082836
 30
0.0
 10
66.96656084131213
 20
178.3178997718128
 30
0.0
 10
68.47128667158802
 20
182.6179421214188
 30
0.0
 10
68.95207084359664
 20
185.2731668387306
 30
0.0
 10
69.5402621699382
 20
186.9987030598688
 30
0.0
 10
69.94967599726077
 20
188.0904295173048
 30
0.0
 10
70.38238978012801
 20
188.8489096728812
 30
0.0
 10
70.77062755970456
 20
188.6435266102087
 30
0.0
 10
70.89682668447493
 20
188.5181028228088
 30
0.0
  0
SPLINE
  5
100000E5
102
{ACAD_XDICTIONARY
360
100000E6
102
}
330
1F
100
AcDbEntity
  8
MODELSKETCH_VISIBLE
100
AcDbSpline
210
0.0
220
0.0
230
1.0
 70
     8
 71
     3
 72
    82
 73
    78
 74
     0
 42
0.0000000001
 43
0.00000001
 40
0.0
 40
0.0
 40
0.0
 40
0.0
 40
0.007148254898274
 40
0.0129850261684955
 40
0.0181624054185543
 40
0.0238772566353154
 40
0.0333101944522713
 40
0.0465869737513835
 40
0.0588101540693809
 40
0.0705534636483903
 40
0.0820349332281509
 40
0.0961199063647418
 40
0.1105708318295782
 40
0.1254398264128382
 40
0.1397079231170014
 40
0.1538079816784337
 40
0.1702765729116752
 40
0.1843881824454506
 40
0.198285185559662
 40
0.2106375327093456
 40
0.223435753199264
 40
0.2364692079905185
 40
0.2528244335269976
 40
0.2694610066996611
 40
0.2867606486083382
 40
0.3059641999924958
 40
0.3252126766334691
 40
0.3419855398244259
 40
0.3585587262313875
 40
0.3748810965340457
 40
0.3906781539456034
 40
0.4060235994740783
 40
0.4219251341860799
 40
0.4397681335327522
 40
0.460444801613235
 40
0.4802949127671068
 40
0.5028735330185296
 40
0.5232205703684295
 40
0.5414607817351711
 40
0.5587915120191151
 40
0.5801016528048115
 40
0.5955784600922053
 40
0.611228800513697
 40
0.6302320471985197
 40
0.6502620481663469
 40
0.66804120288008
 40
0.6847267134111367
 40
0.7007107238397148
 40
0.7159332444961725
 40
0.7295085175788224
 40
0.7449417173549392
 40
0.7603023232746193
 40
0.7765383637833594
 40
0.7923763949116462
 40
0.8067968497429321
 40
0.8179403858841854
 40
0.8290390471122426
 40
0.837962689319379
 40
0.8476540130375145
 40
0.855666263354196
 40
0.8643956557170135
 40
0.8726796658250869
 40
0.8824934230110753
 40
0.8955314791874404
 40
0.9080911815075248
 40
0.9188223176764261
 40
0.9282720199986586
 40
0.936000936302831
 40
0.9437608022026468
 40
0.9507081315756926
 40
0.9596677590395641
 40
0.9658523662170085
 40
0.9723499058842023
 40
0.9777429776371022
 40
0.9845008007435619
 40
0.9917580392744451
 40
1.0
 40
1.0
 40
1.0
 40
1.0
 10
97.36142547418683
 20
307.418368883191
 30
0.0
 10
97.14531719367878
 20
306.0066817285672
 30
0.0
 10
97.16015009190701
 20
304.1476394513302
 30
0.0
 10
95.43998423475698
 20
302.3021058781249
 30
0.0
 10
94.01253921224142
 20
301.3302640256192
 30
0.0
 10
91.5152838144348
 20
300.2000809877019
 30
0.0
 10
86.8889393272881
 20
304.7581312586365
 30
0.0
 10
76.73398924463169
 20
309.6685025659759
 30
0.0
 10
67.57786373993581
 20
312.2051819702677
 30
0.0
 10
58.31343567020252
 20
313.8677487114381
 30
0.0
 10
49.75762355078836
 20
312.8869394015616
 30
0.0
 10
36.59290394960901
 20
309.5729735171033
 30
0.0
 10
27.6313925194564
 20
298.6160481043996
 30
0.0
 10
22.89236656056231
 20
284.8347675332275
 30
0.0
 10
22.04891333686134
 20
271.2078716251864
 30
0.0
 10
23.31494695737803
 20
258.4326724703875
 30
0.0
 10
27.87199381087645
 20
241.0188192035163
 30
0.0
 10
32.80510862213963
 20
229.4053175765263
 30
0.0
 10
37.56742738064077
 20
217.3179895512324
 30
0.0
 10
40.0192990424426
 20
207.7068636756104
 30
0.0
 10
40.50599324931895
 20
196.5554957217003
 30
0.0
 10
38.58985058327973
 20
185.5686032358014
 30
0.0
 10
31.59594785869306
 20
169.2291807302799
 30
0.0
 10
22.65147521070368
 20
153.7159156157646
 30
0.0
 10
15.08320040747242
 20
135.4746258983323
 30
0.0
 10
6.409391490090179
 20
113.2153685211456
 30
0.0
 10
2.394908403704857
 20
89.26807128293957
 30
0.0
 10
2.434923405178243
 20
70.69345205460695
 30
0.0
 10
7.593753470394757
 20
53.06461279766702
 30
0.0
 10
16.12411121179107
 20
37.73347509152559
 30
0.0
 10
27.82802976005035
 20
26.02018662284418
 30
0.0
 10
40.90810468763767
 20
17.38234444738925
 30
0.0
 10
57.05612746160176
 20
12.01887174895673
 30
0.0
 10
77.45515150319878
 20
8.584023884212383
 30
0.0
 10
105.7075260767139
 20
6.616712916279947
 30
0.0
 10
130.7882698744171
 20
5.598817528865692
 30
0.0
 10
164.3221383140923
 20
6.19914371150629
 30
0.0
 10
190.952099653391
 20
8.485628989665013
 30
0.0
 10
211.9954803661306
 20
17.52755190667171
 30
0.0
 10
227.9145197631308
 20
28.97581611097299
 30
0.0
 10
241.7580307261724
 20
56.36473772674232
 30
0.0
 10
244.743267909276
 20
71.67226902661199
 30
0.0
 10
244.7933922074318
 20
88.48848207645264
 30
0.0
 10
241.0772284917965
 20
111.6858856197896
 30
0.0
 10
231.9790453915058
 20
136.0284588105218
 30
0.0
 10
223.4176159394089
 20
154.7484960194895
 30
0.0
 10
215.5578915737819
 20
171.4303898261664
 30
0.0
 10
210.4466050391175
 20
187.2891035363646
 30
0.0
 10
209.7196855999317
 20
202.9865471301861
 30
0.0
 10
213.324969415519
 20
214.6048567906185
 30
0.0
 10
220.0038278922462
 20
228.9888200851513
 30
0.0
 10
226.2374780458861
 20
242.8647807361591
 30
0.0
 10
230.2522714643627
 20
259.7855930012743
 30
0.0
 10
231.2812870456499
 20
275.9445243325513
 30
0.0
 10
227.6341663287798
 20
289.456954305177
 30
0.0
 10
224.6180070361948
 20
296.9722924277586
 30
0.0
 10
218.6855403396217
 20
303.0817733549098
 30
0.0
 10
214.1339570691114
 20
305.5771976214485
 30
0.0
 10
207.637601528607
 20
305.8719047475905
 30
0.0
 10
203.6704224593088
 20
304.6000644155073
 30
0.0
 10
199.5007056575945
 20
301.3644716799221
 30
0.0
 10
197.4571829071352
 20
297.20523386945
 30
0.0
 10
195.1134309449219
 20
291.2553349597214
 30
0.0
 10
192.17016153904
 20
280.6733601614443
 30
0.0
 10
187.8263502453183
 20
271.4687695631849
 30
0.0
 10
183.0048581136461
 20
265.6710047265948
 30
0.0
 10
178.8253712515348
 20
261.3127239649692
 30
0.0
 10
175.3997338039313
 20
259.4451934803972
 30
0.0
 10
171.5881902221812
 20
257.8072187735717
 30
0.0
 10
168.599284911572
 20
257.338009425948
 30
0.0
 10
163.2154716102235
 20
258.1115842261154
 30
0.0
 10
160.9670794514791
 20
258.743331564585
 30
0.0
 10
158.2480987084001
 20
259.7673185445085
 30
0.0
 10
156.3781114993778
 20
260.4383515937566
 30
0.0
 10
154.9952849176452
 20
263.3392364533919
 30
0.0
 10
154.0987183688615
 20
266.7295709529459
 30
0.0
 10
154.5483702963967
 20
269.3544961500489
 30
0.0
 10
154.5954390643777
 20
271.0789565835973
 30
0.0
  0
CIRCLE
  5
100000E9
102
{ACAD_XDICTIONARY
360
100000EA
102
}
330
1F
100
AcDbEntity
  8
MODELSKETCH_VISIBLE
100
AcDbCircle
 10
216.4471253100686
 20
241.3049565553665
 30
0.0
 40
0.8
  0
LINE
  5
100000ED
102
{ACAD_XDICTIONARY
360
100000EE
102
}
330
1F
100
AcDbEntity
  8
MODELSKETCH_VISIBLE
100
AcDbLine
 10
75.75058355689467
 20
298.8175278902054
 30
0.0
 11
75.75058355689467
 21
238.8175278902054
 31
0.0
  0
LINE
  5
100000F1
102
{ACAD_XDICTIONARY
360
100000F2
102
}
330
1F
100
AcDbEntity
  8
MODELSKETCH_VISIBLE
100
AcDbLine
 10
46.55058355689467
 20
292.1576440579805
 30
0.0
 11
46.55058355689467
 21
285.6576440579805
 31
0.0
  0
LINE
  5
100000F5
102
{ACAD_XDICTIONARY
360
100000F6
102
}
330
1F
100
AcDbEntity
  8
MODELSKETCH_VISIBLE
100
AcDbLine
 10
43.05058355689467
 20
292.1576440579805
 30
0.0
 11
43.05058355689467
 21
285.6576440579805
 31
0.0
  0
LINE
  5
100000F9
102
{ACAD_XDICTIONARY
360
100000FA
102
}
330
1F
100
AcDbEntity
  8
MODELSKETCH_VISIBLE
100
AcDbLine
 10
46.55058355689467
 20
265.6576440579804
 30
0.0
 11
43.05058355689467
 21
265.6576440579804
 31
0.0
  0
CIRCLE
  5
100000FD
102
{ACAD_XDICTIONARY
360
100000FE
102
}
330
1F
100
AcDbEntity
  8
MODELSKETCH_VISIBLE
100
AcDbCircle
 10
192.9471253100686
 20
241.3049565553665
 30
0.0
 40
0.8
  0
LINE
  5
10000101
102
{ACAD_XDICTIONARY
360
10000102
102
}
330
1F
100
AcDbEntity
  8
MODELSKETCH_VISIBLE
100
AcDbLine
 10
106.8190475636553
 20
187.4183688831909
 30
0.0
 11
106.8190475636553
 21
115.4183688831909
 31
0.0
  0
LINE
  5
10000105
102
{ACAD_XDICTIONARY
360
10000106
102
}
330
1F
100
AcDbEntity
  8
MODELSKETCH_VISIBLE
100
AcDbLine
 10
46.55058355689468
 20
272.1576440579804
 30
0.0
 11
46.55058355689468
 21
265.6576440579804
 31
0.0
  0
LINE
  5
10000109
102
{ACAD_XDICTIONARY
360
1000010A
102
}
330
1F
100
AcDbEntity
  8
MODELSKETCH_VISIBLE
100
AcDbLine
 10
144.8190475636553
 20
187.4183688831909
 30
0.0
 11
144.8190475636553
 21
115.4183688831909
 31
0.0
  0
LINE
  5
1000010D
102
{ACAD_XDICTIONARY
360
1000010E
102
}
330
1F
100
AcDbEntity
  8
MODELSKETCH_VISIBLE
100
AcDbLine
 10
46.55058355689467
 20
272.1576440579804
 30
0.0
 11
43.05058355689467
 21
272.1576440579804
 31
0.0
  0
LINE
  5
10000111
102
{ACAD_XDICTIONARY
360
10000112
102
}
330
1F
100
AcDbEntity
  8
MODELSKETCH_VISIBLE
100
AcDbLine
 10
106.8190475636553
 20
115.4183688831909
 30
0.0
 11
144.8190475636553
 21
115.4183688831909
 31
0.0
  0
LINE
  5
10000115
102
{ACAD_XDICTIONARY
360
10000116
102
}
330
1F
100
AcDbEntity
  8
MODELSKETCH_VISIBLE
100
AcDbLine
 10
46.55058355689467
 20
285.6576440579805
 30
0.0
 11
43.05058355689467
 21
285.6576440579805
 31
0.0
  0
LINE
  5
10000119
102
{ACAD_XDICTIONARY
360
1000011A
102
}
330
1F
100
AcDbEntity
  8
MODELSKETCH_VISIBLE
100
AcDbLine
 10
106.8190475636553
 20
187.4183688831909
 30
0.0
 11
144.8190475636553
 21
187.4183688831909
 31
0.0
  0
LINE
  5
1000011D
102
{ACAD_XDICTIONARY
360
1000011E
102
}
330
1F
100
AcDbEntity
  8
MODELSKETCH_VISIBLE
100
AcDbLine
 10
46.55058355689467
 20
292.1576440579805
 30
0.0
 11
43.05058355689467
 21
292.1576440579805
 31
0.0
  0
LINE
  5
10000121
102
{ACAD_XDICTIONARY
360
10000122
102
}
330
1F
100
AcDbEntity
  8
MODELSKETCH_VISIBLE
100
AcDbLine
 10
46.55058355689467
 20
245.6576440579804
 30
0.0
 11
43.05058355689467
 21
245.6576440579804
 31
0.0
  0
LINE
  5
10000125
102
{ACAD_XDICTIONARY
360
10000126
102
}
330
1F
100
AcDbEntity
  8
MODELSKETCH_VISIBLE
100
AcDbLine
 10
56.56424500368464
 20
32.22115445137023
 30
0.0
 11
66.56424500368465
 21
32.22115445137023
 31
0.0
  0
LINE
  5
10000129
102
{ACAD_XDICTIONARY
360
1000012A
102
}
330
1F
100
AcDbEntity
  8
MODELSKETCH_VISIBLE
100
AcDbLine
 10
46.55058355689468
 20
252.1576440579804
 30
0.0
 11
46.55058355689468
 21
245.6576440579804
 31
0.0
  0
LINE
  5
1000012D
102
{ACAD_XDICTIONARY
360
1000012E
102
}
330
1F
100
AcDbEntity
  8
MODELSKETCH_VISIBLE
100
AcDbLine
 10
56.56424500368463
 20
84.22115445137021
 30
0.0
 11
56.56424500368464
 21
32.22115445137023
 31
0.0
  0
LINE
  5
10000131
102
{ACAD_XDICTIONARY
360
10000132
102
}
330
1F
100
AcDbEntity
  8
MODELSKETCH_VISIBLE
100
AcDbLine
 10
43.05058355689467
 20
252.1576440579804
 30
0.0
 11
43.05058355689467
 21
245.6576440579804
 31
0.0
  0
LINE
  5
10000135
102
{ACAD_XDICTIONARY
360
10000136
102
}
330
1F
100
AcDbEntity
  8
MODELSKETCH_VISIBLE
100
AcDbLine
 10
88.56424500368463
 20
84.22115445137024
 30
0.0
 11
88.56424500368465
 21
32.22115445137024
 31
0.0
  0
LINE
  5
10000139
102
{ACAD_XDICTIONARY
360
1000013A
102
}
330
1F
100
AcDbEntity
  8
MODELSKETCH_VISIBLE
100
AcDbLine
 10
196.1971253100687
 20
266.5549565553665
 30
0.0
 11
213.1971253100686
 21
266.5549565553665
 31
0.0
  0
LINE
  5
1000013D
102
{ACAD_XDICTIONARY
360
1000013E
102
}
330
1F
100
AcDbEntity
  8
MODELSKETCH_VISIBLE
100
AcDbLine
 10
195.073850123626
 20
32.22115445137023
 30
0.0
 11
185.073850123626
 21
32.22115445137023
 31
0.0
  0
CIRCLE
  5
10000141
102
{ACAD_XDICTIONARY
360
10000142
102
}
330
1F
100
AcDbEntity
  8
MODELSKETCH_VISIBLE
100
AcDbCircle
 10
216.4471253100686
 20
264.8049565553665
 30
0.0
 40
0.8
  0
LINE
  5
10000145
102
{ACAD_XDICTIONARY
360
10000146
102
}
330
1F
100
AcDbEntity
  8
MODELSKETCH_VISIBLE
100
AcDbLine
 10
196.1971253100687
 20
239.5549565553665
 30
0.0
 11
204.6971253100686
 21
239.5549565553665
 31
0.0
  0
LINE
  5
10000149
102
{ACAD_XDICTIONARY
360
1000014A
102
}
330
1F
100
AcDbEntity
  8
MODELSKETCH_VISIBLE
100
AcDbLine
 10
173.073850123626
 20
84.22115445137024
 30
0.0
 11
173.073850123626
 21
92.22115445137024
 31
0.0
  0
LINE
  5
1000014D
102
{ACAD_XDICTIONARY
360
1000014E
102
}
330
1F
100
AcDbEntity
  8
MODELSKETCH_VISIBLE
100
AcDbLine
 10
191.1971253100687
 20
261.5549565553665
 30
0.0
 11
191.1971253100687
 21
244.5549565553665
 31
0.0
  0
LINE
  5
10000151
102
{ACAD_XDICTIONARY
360
10000152
102
}
330
1F
100
AcDbEntity
  8
MODELSKETCH_VISIBLE
100
AcDbLine
 10
195.073850123626
 20
84.22115445137024
 30
0.0
 11
185.073850123626
 21
84.22115445137024
 31
0.0
  0
LINE
  5
10000155
102
{ACAD_XDICTIONARY
360
10000156
102
}
330
1F
100
AcDbEntity
  8
MODELSKETCH_VISIBLE
100
AcDbLine
 10
218.1971253100686
 20
253.0549565553665
 30
0.0
 11
218.1971253100686
 21
244.5549565553665
 31
0.0
  0
LINE
  5
10000159
102
{ACAD_XDICTIONARY
360
1000015A
102
}
330
1F
100
AcDbEntity
  8
MODELSKETCH_VISIBLE
100
AcDbLine
 10
163.073850123626
 20
84.22115445137024
 30
0.0
 11
163.073850123626
 21
32.22115445137024
 31
0.0
  0
LINE
  5
1000015D
102
{ACAD_XDICTIONARY
360
1000015E
102
}
330
1F
100
AcDbEntity
  8
MODELSKETCH_VISIBLE
100
AcDbLine
 10
191.1971253100687
 20
261.5549565553665
 30
0.0
 11
196.1971253100687
 21
261.5549565553665
 31
0.0
  0
ENDSEC
  0
SECTION
  2
OBJECTS
  0
DICTIONARY
  5
C
330
0
100
AcDbDictionary
  3
ACAD_GROUP
350
D
  3
ACAD_LAYOUT
350
1A
  3
ACAD_MATERIAL
350
43
  3
ACAD_MLEADERSTYLE
350
5B
  3
ACAD_MLINESTYLE
350
17
  3
ACAD_PLOTSETTINGS
350
19
  3
ACAD_SCALELIST
350
47
  3
ACAD_VISUALSTYLE
350
2A
  3
ACDBHEADERROUNDTRIPXREC
350
10000163
  3
ACDBVARIABLEDICTIONARY
350
10000184
  3
DWGPROPS
350
1000018F
  3
ONSHAPE_DATA
350
10000001
  0
DICTIONARY
  5
10000190
330
8
100
AcDbDictionary
280
     1
  3
ACAD_XREC_ROUNDTRIP
360
10000191
  0
DICTIONARY
  5
10000161
330
1F
100
AcDbDictionary
280
     1
  3
ACAD_SORTENTS
360
10000162
  0
DICTIONARY
  5
1000005A
330
10000059
100
AcDbDictionary
280
     1
  3
BTDETID
360
1000005B
  3
BTPARTID
360
1000005C
  0
DICTIONARY
  5
1000005E
330
1000005D
100
AcDbDictionary
280
     1
  3
BTDETID
360
1000005F
  3
BTPARTID
360
10000060
  0
DICTIONARY
  5
10000062
330
10000061
100
AcDbDictionary
280
     1
  3
BTDETID
360
10000063
  3
BTPARTID
360
10000064
  0
DICTIONARY
  5
10000066
330
10000065
100
AcDbDictionary
280
     1
  3
BTDETID
360
10000067
  3
BTPARTID
360
10000068
  0
DICTIONARY
  5
1000006A
330
10000069
100
AcDbDictionary
280
     1
  3
BTDETID
360
1000006B
  3
BTPARTID
360
1000006C
  0
DICTIONARY
  5
1000006E
330
1000006D
100
AcDbDictionary
280
     1
  3
BTDETID
360
1000006F
  3
BTPARTID
360
10000070
  0
DICTIONARY
  5
10000072
330
10000071
100
AcDbDictionary
280
     1
  3
BTDETID
360
10000073
  3
BTPARTID
360
10000074
  0
DICTIONARY
  5
10000076
330
10000075
100
AcDbDictionary
280
     1
  3
BTDETID
360
10000077
  3
BTPARTID
360
10000078
  0
DICTIONARY
  5
1000007A
330
10000079
100
AcDbDictionary
280
     1
  3
BTDETID
360
1000007B
  3
BTPARTID
360
1000007C
  0
DICTIONARY
  5
1000007E
330
1000007D
100
AcDbDictionary
280
     1
  3
BTDETID
360
1000007F
  3
BTPARTID
360
10000080
  0
DICTIONARY
  5
10000082
330
10000081
100
AcDbDictionary
280
     1
  3
BTDETID
360
10000083
  3
BTPARTID
360
10000084
  0
DICTIONARY
  5
10000086
330
10000085
100
AcDbDictionary
280
     1
  3
BTDETID
360
10000087
  3
BTPARTID
360
10000088
  0
DICTIONARY
  5
1000008A
330
10000089
100
AcDbDictionary
280
     1
  3
BTDETID
360
1000008B
  3
BTPARTID
360
1000008C
  0
DICTIONARY
  5
1000008E
330
1000008D
100
AcDbDictionary
280
     1
  3
BTDETID
360
1000008F
  3
BTPARTID
360
10000090
  0
DICTIONARY
  5
10000092
330
10000091
100
AcDbDictionary
280
     1
  3
BTDETID
360
10000093
  3
BTPARTID
360
10000094
  0
DICTIONARY
  5
10000096
330
10000095
100
AcDbDictionary
280
     1
  3
BTDETID
360
10000097
  3
BTPARTID
360
10000098
  0
DICTIONARY
  5
1000009A
330
10000099
100
AcDbDictionary
280
     1
  3
BTDETID
360
1000009B
  3
BTPARTID
360
1000009C
  0
DICTIONARY
  5
1000009E
330
1000009D
100
AcDbDictionary
280
     1
  3
BTDETID
360
1000009F
  3
BTPARTID
360
100000A0
  0
DICTIONARY
  5
100000A2
330
100000A1
100
AcDbDictionary
280
     1
  3
BTDETID
360
100000A3
  3
BTPARTID
360
100000A4
  0
DICTIONARY
  5
100000A6
330
100000A5
100
AcDbDictionary
280
     1
  3
BTDETID
360
100000A7
  3
BTPARTID
360
100000A8
  0
DICTIONARY
  5
100000AA
330
100000A9
100
AcDbDictionary
280
     1
  3
BTDETID
360
100000AB
  3
BTPARTID
360
100000AC
  0
DICTIONARY
  5
100000AE
330
100000AD
100
AcDbDictionary
280
     1
  3
BTDETID
360
100000AF
  3
BTPARTID
360
100000B0
  0
DICTIONARY
  5
100000B2
330
100000B1
100
AcDbDictionary
280
     1
  3
BTDETID
360
100000B3
  3
BTPARTID
360
100000B4
  0
DICTIONARY
  5
100000B6
330
100000B5
100
AcDbDictionary
280
     1
  3
BTDETID
360
100000B7
  3
BTPARTID
360
100000B8
  0
DICTIONARY
  5
100000BA
330
100000B9
100
AcDbDictionary
280
     1
  3
BTDETID
360
100000BB
  3
BTPARTID
360
100000BC
  0
DICTIONARY
  5
100000BE
330
100000BD
100
AcDbDictionary
280
     1
  3
BTDETID
360
100000BF
  3
BTPARTID
360
100000C0
  0
DICTIONARY
  5
100000C2
330
100000C1
100
AcDbDictionary
280
     1
  3
BTDETID
360
100000C3
  3
BTPARTID
360
100000C4
  0
DICTIONARY
  5
100000C6
330
100000C5
100
AcDbDictionary
280
     1
  3
BTDETID
360
100000C7
  3
BTPARTID
360
100000C8
  0
DICTIONARY
  5
100000CA
330
100000C9
100
AcDbDictionary
280
     1
  3
BTDETID
360
100000CB
  3
BTPARTID
360
100000CC
  0
DICTIONARY
  5
100000CE
330
100000CD
100
AcDbDictionary
280
     1
  3
BTDETID
360
100000CF
  3
BTPARTID
360
100000D0
  0
DICTIONARY
  5
100000D2
330
100000D1
100
AcDbDictionary
280
     1
  3
BTDETID
360
100000D3
  3
BTPARTID
360
100000D4
  0
DICTIONARY
  5
100000D6
330
100000D5
100
AcDbDictionary
280
     1
  3
BTDETID
360
100000D7
  3
BTPARTID
360
100000D8
  0
DICTIONARY
  5
100000DA
330
100000D9
100
AcDbDictionary
280
     1
  3
BTDETID
360
100000DB
  3
BTPARTID
360
100000DC
  0
DICTIONARY
  5
100000DE
330
100000DD
100
AcDbDictionary
280
     1
  3
BTDETID
360
100000DF
  3
BTPARTID
360
100000E0
  0
DICTIONARY
  5
100000E2
330
100000E1
100
AcDbDictionary
280
     1
  3
BTDETID
360
100000E3
  3
BTPARTID
360
100000E4
  0
DICTIONARY
  5
100000E6
330
100000E5
100
AcDbDictionary
280
     1
  3
BTDETID
360
100000E7
  3
BTPARTID
360
100000E8
  0
DICTIONARY
  5
100000EA
330
100000E9
100
AcDbDictionary
280
     1
  3
BTDETID
360
100000EB
  3
BTPARTID
360
100000EC
  0
DICTIONARY
  5
100000EE
330
100000ED
100
AcDbDictionary
280
     1
  3
BTDETID
360
100000EF
  3
BTPARTID
360
100000F0
  0
DICTIONARY
  5
100000F2
330
100000F1
100
AcDbDictionary
280
     1
  3
BTDETID
360
100000F3
  3
BTPARTID
360
100000F4
  0
DICTIONARY
  5
100000F6
330
100000F5
100
AcDbDictionary
280
     1
  3
BTDETID
360
100000F7
  3
BTPARTID
360
100000F8
  0
DICTIONARY
  5
100000FA
330
100000F9
100
AcDbDictionary
280
     1
  3
BTDETID
360
100000FB
  3
BTPARTID
360
100000FC
  0
DICTIONARY
  5
100000FE
330
100000FD
100
AcDbDictionary
280
     1
  3
BTDETID
360
100000FF
  3
BTPARTID
360
10000100
  0
DICTIONARY
  5
10000102
330
10000101
100
AcDbDictionary
280
     1
  3
BTDETID
360
10000103
  3
BTPARTID
360
10000104
  0
DICTIONARY
  5
10000106
330
10000105
100
AcDbDictionary
280
     1
  3
BTDETID
360
10000107
  3
BTPARTID
360
10000108
  0
DICTIONARY
  5
1000010A
330
10000109
100
AcDbDictionary
280
     1
  3
BTDETID
360
1000010B
  3
BTPARTID
360
1000010C
  0
DICTIONARY
  5
1000010E
330
1000010D
100
AcDbDictionary
280
     1
  3
BTDETID
360
1000010F
  3
BTPARTID
360
10000110
  0
DICTIONARY
  5
10000112
330
10000111
100
AcDbDictionary
280
     1
  3
BTDETID
360
10000113
  3
BTPARTID
360
10000114
  0
DICTIONARY
  5
10000116
330
10000115
100
AcDbDictionary
280
     1
  3
BTDETID
360
10000117
  3
BTPARTID
360
10000118
  0
DICTIONARY
  5
1000011A
330
10000119
100
AcDbDictionary
280
     1
  3
BTDETID
360
1000011B
  3
BTPARTID
360
1000011C
  0
DICTIONARY
  5
1000011E
330
1000011D
100
AcDbDictionary
280
     1
  3
BTDETID
360
1000011F
  3
BTPARTID
360
10000120
  0
DICTIONARY
  5
10000122
330
10000121
100
AcDbDictionary
280
     1
  3
BTDETID
360
10000123
  3
BTPARTID
360
10000124
  0
DICTIONARY
  5
10000126
330
10000125
100
AcDbDictionary
280
     1
  3
BTDETID
360
10000127
  3
BTPARTID
360
10000128
  0
DICTIONARY
  5
1000012A
330
10000129
100
AcDbDictionary
280
     1
  3
BTDETID
360
1000012B
  3
BTPARTID
360
1000012C
  0
DICTIONARY
  5
1000012E
330
1000012D
100
AcDbDictionary
280
     1
  3
BTDETID
360
1000012F
  3
BTPARTID
360
10000130
  0
DICTIONARY
  5
10000132
330
10000131
100
AcDbDictionary
280
     1
  3
BTDETID
360
10000133
  3
BTPARTID
360
10000134
  0
DICTIONARY
  5
10000136
330
10000135
100
AcDbDictionary
280
     1
  3
BTDETID
360
10000137
  3
BTPARTID
360
10000138
  0
DICTIONARY
  5
1000013A
330
10000139
100
AcDbDictionary
280
     1
  3
BTDETID
360
1000013B
  3
BTPARTID
360
1000013C
  0
DICTIONARY
  5
1000013E
330
1000013D
100
AcDbDictionary
280
     1
  3
BTDETID
360
1000013F
  3
BTPARTID
360
10000140
  0
DICTIONARY
  5
10000142
330
10000141
100
AcDbDictionary
280
     1
  3
BTDETID
360
10000143
  3
BTPARTID
360
10000144
  0
DICTIONARY
  5
10000146
330
10000145
100
AcDbDictionary
280
     1
  3
BTDETID
360
10000147
  3
BTPARTID
360
10000148
  0
DICTIONARY
  5
1000014A
330
10000149
100
AcDbDictionary
280
     1
  3
BTDETID
360
1000014B
  3
BTPARTID
360
1000014C
  0
DICTIONARY
  5
1000014E
330
1000014D
100
AcDbDictionary
280
     1
  3
BTDETID
360
1000014F
  3
BTPARTID
360
10000150
  0
DICTIONARY
  5
10000152
330
10000151
100
AcDbDictionary
280
     1
  3
BTDETID
360
10000153
  3
BTPARTID
360
10000154
  0
DICTIONARY
  5
10000156
330
10000155
100
AcDbDictionary
280
     1
  3
BTDETID
360
10000157
  3
BTPARTID
360
10000158
  0
DICTIONARY
  5
1000015A
330
10000159
100
AcDbDictionary
280
     1
  3
BTDETID
360
1000015B
  3
BTPARTID
360
1000015C
  0
DICTIONARY
  5
1000015E
330
1000015D
100
AcDbDictionary
280
     1
  3
BTDETID
360
1000015F
  3
BTPARTID
360
10000160
  0
DICTIONARY
  5
D
102
{ACAD_REACTORS
330
C
102
}
330
C
100
AcDbDictionary
  0
DICTIONARY
  5
1A
102
{ACAD_REACTORS
330
C
102
}
330
C
100
AcDbDictionary
  0
DICTIONARY
  5
43
102
{ACAD_REACTORS
330
C
102
}
330
C
100
AcDbDictionary
  3
BYBLOCK
350
45
  3
BYLAYER
350
44
  3
GLOBAL
350
46
  0
DICTIONARY
  5
5B
102
{ACAD_REACTORS
330
C
102
}
330
C
100
AcDbDictionary
  3
STANDARD
350
5C
  0
DICTIONARY
  5
17
102
{ACAD_REACTORS
330
C
102
}
330
C
100
AcDbDictionary
  3
STANDARD
350
18
  0
DICTIONARY
  5
19
102
{ACAD_REACTORS
330
C
102
}
330
C
100
AcDbDictionary
  0
DICTIONARY
  5
47
102
{ACAD_REACTORS
330
C
102
}
330
C
100
AcDbDictionary
  3
SCALE100_1
350
10000023
  3
SCALE10_1
350
1000001D
  3
SCALE12_1
350
1000001E
  3
SCALE16_1
350
1000001F
  3
SCALE1_1
350
10000006
  3
SCALE1_10
350
1000000D
  3
SCALE1_100
350
10000016
  3
SCALE1_12
350
1000000E
  3
SCALE1_16
350
1000000F
  3
SCALE1_2
350
10000007
  3
SCALE1_20
350
10000010
  3
SCALE1_25
350
10000011
  3
SCALE1_3
350
10000008
  3
SCALE1_32
350
10000012
  3
SCALE1_4
350
10000009
  3
SCALE1_40
350
10000013
  3
SCALE1_5
350
1000000A
  3
SCALE1_50
350
10000014
  3
SCALE1_6
350
1000000B
  3
SCALE1_8
350
1000000C
  3
SCALE1_80
350
10000015
  3
SCALE20_1
350
10000020
  3
SCALE2_1
350
10000017
  3
SCALE32_1
350
10000021
  3
SCALE3_1
350
10000018
  3
SCALE4_1
350
10000019
  3
SCALE50_1
350
10000022
  3
SCALE5_1
350
1000001A
  3
SCALE6_1
350
1000001B
  3
SCALE8_1
350
1000001C
  0
DICTIONARY
  5
2A
102
{ACAD_REACTORS
330
C
102
}
330
C
100
AcDbDictionary
  3
2DWIREFRAME
350
2F
  3
BASIC
350
32
  3
BRIGHTEN
350
36
  3
COLORCHANGE
350
3A
  3
CONCEPTUAL
350
34
  3
DIM
350
35
  3
EDGECOLOROFF
350
3D
  3
FACEPATTERN
350
39
  3
FLAT
350
2B
  3
FLATWITHEDGES
350
2C
  3
GOURAUD
350
2D
  3
GOURAUDWITHEDGES
350
2E
  3
HIDDEN
350
31
  3
JITTEROFF
350
3B
  3
LINEPATTERN
350
38
  3
OVERHANGOFF
350
3C
  3
REALISTIC
350
33
  3
SHADED
350
42
  3
SHADED_WITH_EDGES
350
41
  3
SHADES_OF_GRAY
350
3E
  3
SKETCHY
350
3F
  3
THICKEN
350
37
  3
WIREFRAME
350
30
  3
X-RAY
350
40
  0
DICTIONARY
  5
10000163
102
{ACAD_REACTORS
330
C
102
}
330
C
100
AcDbDictionary
  3
CEPSNID
350
1000016D
  3
CEPSNTYPE
350
1000016C
  3
DIMSTYLEDATA
350
10000183
  3
FINGERPRINTGUID
350
1000016E
  3
HYPERLINKBASE
350
10000166
  3
INSUNITS
350
1000016B
  3
LAYOUTDICT
350
10000168
  3
LWETCUNION
350
1000016A
  3
PLOTSETDICT
350
10000169
  3
PSVPSCALE
350
10000170
  3
PUCSBASE
350
10000173
  3
PUCSORGBACK
350
10000179
  3
PUCSORGBOTTOM
350
10000175
  3
PUCSORGFRONT
350
10000178
  3
PUCSORGLEFT
350
10000176
  3
PUCSORGRIGHT
350
10000177
  3
PUCSORGTOP
350
10000174
  3
PUCSORTHOREF
350
10000171
  3
PUCSORTHOVIEW
350
10000172
  3
STYLESHEET
350
10000167
  3
TSTACKALIGN
350
10000164
  3
TSTACKSIZE
350
10000165
  3
UCSBASE
350
1000017C
  3
UCSORGBACK
350
10000182
  3
UCSORGBOTTOM
350
1000017E
  3
UCSORGFRONT
350
10000181
  3
UCSORGLEFT
350
1000017F
  3
UCSORGRIGHT
350
10000180
  3
UCSORGTOP
350
1000017D
  3
UCSORTHOREF
350
1000017A
  3
UCSORTHOVIEW
350
1000017B
  3
VERSIONGUID
350
1000016F
  0
DICTIONARY
  5
10000184
102
{ACAD_REACTORS
330
C
102
}
330
C
100
AcDbDictionary
  3
CANNOSCALE
350
10000192
  3
CENTEREXE
350
1000018B
  3
CENTERLTYPEFILE
350
1000018C
  3
CMLEADERSTYLE
350
10000186
  3
CTABLESTYLE
350
10000185
  3
DIMASSOC
350
1000018D
  3
HIDETEXT
350
1000018E
  3
MSLTSCALE
350
10000193
  3
PSOLHEIGHT
350
10000188
  3
PSOLWIDTH
350
10000187
  0
XRECORD
  5
1000018F
102
{ACAD_REACTORS
330
C
102
}
330
C
100
AcDbXrecord
  1
DWGPROPS COOKIE
  2

  3

  4

  6
File was created by BTDwgCreate
  7

  8
onshape
  9

300
=
301
=
302
=
303
=
304
=
305
=
306
=
307
=
308
=
309
=
 40
0.0
 41
2461262.114687697
 42
2461262.114688565
  1

 90
        0
  0
DICTIONARY
  5
10000001
102
{ACAD_REACTORS
330
C
102
}
330
C
100
AcDbDictionary
280
     1
  3
DIM_UNITS
360
10000003
  3
DWGGEN_VERSION
360
10000002
  3
FIRST_ANGLE
360
10000005
  0
XRECORD
  5
10000191
102
{ACAD_REACTORS
330
10000190
102
}
330
10000190
100
AcDbXrecord
102
VTR_0.000_0.000_1.000_1.000_VISUALSTYLE
340
2F
102
VTR_0.000_0.000_1.000_1.000_GRIDDISPLAY
 70
     3
102
VTR_0.000_0.000_1.000_1.000_GRIDMAJOR
 70
     5
102
VTR_0.000_0.000_1.000_1.000_DEFAULTLIGHTING
280
     1
102
VTR_0.000_0.000_1.000_1.000_DEFAULTLIGHTINGTYPE
 70
     1
102
VTR_0.000_0.000_1.000_1.000_BRIGHTNESS
141
0.0
102
VTR_0.000_0.000_1.000_1.000_CONTRAST
142
0.0
  0
SORTENTSTABLE
  5
10000162
102
{ACAD_REACTORS
330
10000161
102
}
330
10000161
100
AcDbSortentsTable
330
1F
  0
XRECORD
  5
1000005B
102
{ACAD_REACTORS
330
1000005A
102
}
330
1000005A
100
AcDbXrecord
1000
KHxB
  0
XRECORD
  5
1000005C
102
{ACAD_REACTORS
330
1000005A
102
}
330
1000005A
100
AcDbXrecord
1000
KHvB
  0
XRECORD
  5
1000005F
102
{ACAD_REACTORS
330
1000005E
102
}
330
1000005E
100
AcDbXrecord
1000
KHtB
  0
XRECORD
  5
10000060
102
{ACAD_REACTORS
330
1000005E
102
}
330
1000005E
100
AcDbXrecord
1000
KHrB
  0
XRECORD
  5
10000063
102
{ACAD_REACTORS
330
10000062
102
}
330
10000062
100
AcDbXrecord
1000
KHpB
  0
XRECORD
  5
10000064
102
{ACAD_REACTORS
330
10000062
102
}
330
10000062
100
AcDbXrecord
1000
KHnB
  0
XRECORD
  5
10000067
102
{ACAD_REACTORS
330
10000066
102
}
330
10000066
100
AcDbXrecord
1000
KHlB
  0
XRECORD
  5
10000068
102
{ACAD_REACTORS
330
10000066
102
}
330
10000066
100
AcDbXrecord
1000
KHjB
  0
XRECORD
  5
1000006B
102
{ACAD_REACTORS
330
1000006A
102
}
330
1000006A
100
AcDbXrecord
1000
KHhB
  0
XRECORD
  5
1000006C
102
{ACAD_REACTORS
330
1000006A
102
}
330
1000006A
100
AcDbXrecord
1000
KHfB
  0
XRECORD
  5
1000006F
102
{ACAD_REACTORS
330
1000006E
102
}
330
1000006E
100
AcDbXrecord
1000
KHdB
  0
XRECORD
  5
10000070
102
{ACAD_REACTORS
330
1000006E
102
}
330
1000006E
100
AcDbXrecord
1000
KHbB
  0
XRECORD
  5
10000073
102
{ACAD_REACTORS
330
10000072
102
}
330
10000072
100
AcDbXrecord
1000
KHVB
  0
XRECORD
  5
10000074
102
{ACAD_REACTORS
330
10000072
102
}
330
10000072
100
AcDbXrecord
1000
KHTB
  0
XRECORD
  5
10000077
102
{ACAD_REACTORS
330
10000076
102
}
330
10000076
100
AcDbXrecord
1000
KHRB
  0
XRECORD
  5
10000078
102
{ACAD_REACTORS
330
10000076
102
}
330
10000076
100
AcDbXrecord
1000
KHPB
  0
XRECORD
  5
1000007B
102
{ACAD_REACTORS
330
1000007A
102
}
330
1000007A
100
AcDbXrecord
1000
KH1B
  0
XRECORD
  5
1000007C
102
{ACAD_REACTORS
330
1000007A
102
}
330
1000007A
100
AcDbXrecord
1000
KHzB
  0
XRECORD
  5
1000007F
102
{ACAD_REACTORS
330
1000007E
102
}
330
1000007E
100
AcDbXrecord
1000
KHtE
  0
XRECORD
  5
10000080
102
{ACAD_REACTORS
330
1000007E
102
}
330
1000007E
100
AcDbXrecord
1000
KH3E
  0
XRECORD
  5
10000083
102
{ACAD_REACTORS
330
10000082
102
}
330
10000082
100
AcDbXrecord
1000
KHpE
  0
XRECORD
  5
10000084
102
{ACAD_REACTORS
330
10000082
102
}
330
10000082
100
AcDbXrecord
1000
KHnE
  0
XRECORD
  5
10000087
102
{ACAD_REACTORS
330
10000086
102
}
330
10000086
100
AcDbXrecord
1000
KHlE
  0
XRECORD
  5
10000088
102
{ACAD_REACTORS
330
10000086
102
}
330
10000086
100
AcDbXrecord
1000
KHjE
  0
XRECORD
  5
1000008B
102
{ACAD_REACTORS
330
1000008A
102
}
330
1000008A
100
AcDbXrecord
1000
KHhE
  0
XRECORD
  5
1000008C
102
{ACAD_REACTORS
330
1000008A
102
}
330
1000008A
100
AcDbXrecord
1000
KHfE
  0
XRECORD
  5
1000008F
102
{ACAD_REACTORS
330
1000008E
102
}
330
1000008E
100
AcDbXrecord
1000
KHdE
  0
XRECORD
  5
10000090
102
{ACAD_REACTORS
330
1000008E
102
}
330
1000008E
100
AcDbXrecord
1000
KHbE
  0
XRECORD
  5
10000093
102
{ACAD_REACTORS
330
10000092
102
}
330
10000092
100
AcDbXrecord
1000
KHZE
  0
XRECORD
  5
10000094
102
{ACAD_REACTORS
330
10000092
102
}
330
10000092
100
AcDbXrecord
1000
KHXE
  0
XRECORD
  5
10000097
102
{ACAD_REACTORS
330
10000096
102
}
330
10000096
100
AcDbXrecord
1000
KHVE
  0
XRECORD
  5
10000098
102
{ACAD_REACTORS
330
10000096
102
}
330
10000096
100
AcDbXrecord
1000
KHTE
  0
XRECORD
  5
1000009B
102
{ACAD_REACTORS
330
1000009A
102
}
330
1000009A
100
AcDbXrecord
1000
KHRE
  0
XRECORD
  5
1000009C
102
{ACAD_REACTORS
330
1000009A
102
}
330
1000009A
100
AcDbXrecord
1000
KHPE
  0
XRECORD
  5
1000009F
102
{ACAD_REACTORS
330
1000009E
102
}
330
1000009E
100
AcDbXrecord
1000
KHhC
  0
XRECORD
  5
100000A0
102
{ACAD_REACTORS
330
1000009E
102
}
330
1000009E
100
AcDbXrecord
1000
KHfC
  0
XRECORD
  5
100000A3
102
{ACAD_REACTORS
330
100000A2
102
}
330
100000A2
100
AcDbXrecord
1000
KHdC
  0
XRECORD
  5
100000A4
102
{ACAD_REACTORS
330
100000A2
102
}
330
100000A2
100
AcDbXrecord
1000
KHbC
  0
XRECORD
  5
100000A7
102
{ACAD_REACTORS
330
100000A6
102
}
330
100000A6
100
AcDbXrecord
1000
KHZC
  0
XRECORD
  5
100000A8
102
{ACAD_REACTORS
330
100000A6
102
}
330
100000A6
100
AcDbXrecord
1000
KHXC
  0
XRECORD
  5
100000AB
102
{ACAD_REACTORS
330
100000AA
102
}
330
100000AA
100
AcDbXrecord
1000
KHNE
  0
XRECORD
  5
100000AC
102
{ACAD_REACTORS
330
100000AA
102
}
330
100000AA
100
AcDbXrecord
1000
KHLE
  0
XRECORD
  5
100000AF
102
{ACAD_REACTORS
330
100000AE
102
}
330
100000AE
100
AcDbXrecord
1000
KHVC
  0
XRECORD
  5
100000B0
102
{ACAD_REACTORS
330
100000AE
102
}
330
100000AE
100
AcDbXrecord
1000
KHTC
  0
XRECORD
  5
100000B3
102
{ACAD_REACTORS
330
100000B2
102
}
330
100000B2
100
AcDbXrecord
1000
KHRC
  0
XRECORD
  5
100000B4
102
{ACAD_REACTORS
330
100000B2
102
}
330
100000B2
100
AcDbXrecord
1000
KHPC
  0
XRECORD
  5
100000B7
102
{ACAD_REACTORS
330
100000B6
102
}
330
100000B6
100
AcDbXrecord
1000
KHNC
  0
XRECORD
  5
100000B8
102
{ACAD_REACTORS
330
100000B6
102
}
330
100000B6
100
AcDbXrecord
1000
KHLC
  0
XRECORD
  5
100000BB
102
{ACAD_REACTORS
330
100000BA
102
}
330
100000BA
100
AcDbXrecord
1000
KHBE
  0
XRECORD
  5
100000BC
102
{ACAD_REACTORS
330
100000BA
102
}
330
100000BA
100
AcDbXrecord
1000
KH/D
  0
XRECORD
  5
100000BF
102
{ACAD_REACTORS
330
100000BE
102
}
330
100000BE
100
AcDbXrecord
1000
KHJC
  0
XRECORD
  5
100000C0
102
{ACAD_REACTORS
330
100000BE
102
}
330
100000BE
100
AcDbXrecord
1000
KHHC
  0
XRECORD
  5
100000C3
102
{ACAD_REACTORS
330
100000C2
102
}
330
100000C2
100
AcDbXrecord
1000
KHNB
  0
XRECORD
  5
100000C4
102
{ACAD_REACTORS
330
100000C2
102
}
330
100000C2
100
AcDbXrecord
1000
KHLB
  0
XRECORD
  5
100000C7
102
{ACAD_REACTORS
330
100000C6
102
}
330
100000C6
100
AcDbXrecord
1000
KHRD
  0
XRECORD
  5
100000C8
102
{ACAD_REACTORS
330
100000C6
102
}
330
100000C6
100
AcDbXrecord
1000
KHPD
  0
XRECORD
  5
100000CB
102
{ACAD_REACTORS
330
100000CA
102
}
330
100000CA
100
AcDbXrecord
1000
JH9
  0
XRECORD
  5
100000CC
102
{ACAD_REACTORS
330
100000CA
102
}
330
100000CA
100
AcDbXrecord
1000
JH7
  0
XRECORD
  5
100000CF
102
{ACAD_REACTORS
330
100000CE
102
}
330
100000CE
100
AcDbXrecord
1000
JHR
  0
XRECORD
  5
100000D0
102
{ACAD_REACTORS
330
100000CE
102
}
330
100000CE
100
AcDbXrecord
1000
JHT
  0
XRECORD
  5
100000D3
102
{ACAD_REACTORS
330
100000D2
102
}
330
100000D2
100
AcDbXrecord
1000
KHpC
  0
XRECORD
  5
100000D4
102
{ACAD_REACTORS
330
100000D2
102
}
330
100000D2
100
AcDbXrecord
1000
KHnC
  0
XRECORD
  5
100000D7
102
{ACAD_REACTORS
330
100000D6
102
}
330
100000D6
100
AcDbXrecord
1000
KHND
  0
XRECORD
  5
100000D8
102
{ACAD_REACTORS
330
100000D6
102
}
330
100000D6
100
AcDbXrecord
1000
KHLD
  0
XRECORD
  5
100000DB
102
{ACAD_REACTORS
330
100000DA
102
}
330
100000DA
100
AcDbXrecord
1000
JHN
  0
XRECORD
  5
100000DC
102
{ACAD_REACTORS
330
100000DA
102
}
330
100000DA
100
AcDbXrecord
1000
JHP
  0
XRECORD
  5
100000DF
102
{ACAD_REACTORS
330
100000DE
102
}
330
100000DE
100
AcDbXrecord
1000
KHlC
  0
XRECORD
  5
100000E0
102
{ACAD_REACTORS
330
100000DE
102
}
330
100000DE
100
AcDbXrecord
1000
KHjC
  0
XRECORD
  5
100000E3
102
{ACAD_REACTORS
330
100000E2
102
}
330
100000E2
100
AcDbXrecord
1000
JHV
  0
XRECORD
  5
100000E4
102
{ACAD_REACTORS
330
100000E2
102
}
330
100000E2
100
AcDbXrecord
1000
KHzE
  0
XRECORD
  5
100000E7
102
{ACAD_REACTORS
330
100000E6
102
}
330
100000E6
100
AcDbXrecord
1000
JHJ
  0
XRECORD
  5
100000E8
102
{ACAD_REACTORS
330
100000E6
102
}
330
100000E6
100
AcDbXrecord
1000
JHL
  0
XRECORD
  5
100000EB
102
{ACAD_REACTORS
330
100000EA
102
}
330
100000EA
100
AcDbXrecord
1000
KHBF
  0
XRECORD
  5
100000EC
102
{ACAD_REACTORS
330
100000EA
102
}
330
100000EA
100
AcDbXrecord
1000
KHDF
  0
XRECORD
  5
100000EF
102
{ACAD_REACTORS
330
100000EE
102
}
330
100000EE
100
AcDbXrecord
1000
KHtC
  0
XRECORD
  5
100000F0
102
{ACAD_REACTORS
330
100000EE
102
}
330
100000EE
100
AcDbXrecord
1000
KHrC
  0
XRECORD
  5
100000F3
102
{ACAD_REACTORS
330
100000F2
102
}
330
100000F2
100
AcDbXrecord
1000
KHxC
  0
XRECORD
  5
100000F4
102
{ACAD_REACTORS
330
100000F2
102
}
330
100000F2
100
AcDbXrecord
1000
KHvC
  0
XRECORD
  5
100000F7
102
{ACAD_REACTORS
330
100000F6
102
}
330
100000F6
100
AcDbXrecord
1000
KH1C
  0
XRECORD
  5
100000F8
102
{ACAD_REACTORS
330
100000F6
102
}
330
100000F6
100
AcDbXrecord
1000
KHzC
  0
XRECORD
  5
100000FB
102
{ACAD_REACTORS
330
100000FA
102
}
330
100000FA
100
AcDbXrecord
1000
KHFD
  0
XRECORD
  5
100000FC
102
{ACAD_REACTORS
330
100000FA
102
}
330
100000FA
100
AcDbXrecord
1000
KHDD
  0
XRECORD
  5
100000FF
102
{ACAD_REACTORS
330
100000FE
102
}
330
100000FE
100
AcDbXrecord
1000
KH9E
  0
XRECORD
  5
10000100
102
{ACAD_REACTORS
330
100000FE
102
}
330
100000FE
100
AcDbXrecord
1000
KH/E
  0
XRECORD
  5
10000103
102
{ACAD_REACTORS
330
10000102
102
}
330
10000102
100
AcDbXrecord
1000
JHx
  0
XRECORD
  5
10000104
102
{ACAD_REACTORS
330
10000102
102
}
330
10000102
100
AcDbXrecord
1000
JHv
  0
XRECORD
  5
10000107
102
{ACAD_REACTORS
330
10000106
102
}
330
10000106
100
AcDbXrecord
1000
KHJD
  0
XRECORD
  5
10000108
102
{ACAD_REACTORS
330
10000106
102
}
330
10000106
100
AcDbXrecord
1000
KHHD
  0
XRECORD
  5
1000010B
102
{ACAD_REACTORS
330
1000010A
102
}
330
1000010A
100
AcDbXrecord
1000
JH1
  0
XRECORD
  5
1000010C
102
{ACAD_REACTORS
330
1000010A
102
}
330
1000010A
100
AcDbXrecord
1000
JHz
  0
XRECORD
  5
1000010F
102
{ACAD_REACTORS
330
1000010E
102
}
330
1000010E
100
AcDbXrecord
1000
KHBD
  0
XRECORD
  5
10000110
102
{ACAD_REACTORS
330
1000010E
102
}
330
1000010E
100
AcDbXrecord
1000
KH/C
  0
XRECORD
  5
10000113
102
{ACAD_REACTORS
330
10000112
102
}
330
10000112
100
AcDbXrecord
1000
JHt
  0
XRECORD
  5
10000114
102
{ACAD_REACTORS
330
10000112
102
}
330
10000112
100
AcDbXrecord
1000
JHr
  0
XRECORD
  5
10000117
102
{ACAD_REACTORS
330
10000116
102
}
330
10000116
100
AcDbXrecord
1000
KH9C
  0
XRECORD
  5
10000118
102
{ACAD_REACTORS
330
10000116
102
}
330
10000116
100
AcDbXrecord
1000
KH7C
  0
XRECORD
  5
1000011B
102
{ACAD_REACTORS
330
1000011A
102
}
330
1000011A
100
AcDbXrecord
1000
JHp
  0
XRECORD
  5
1000011C
102
{ACAD_REACTORS
330
1000011A
102
}
330
1000011A
100
AcDbXrecord
1000
JHn
  0
XRECORD
  5
1000011F
102
{ACAD_REACTORS
330
1000011E
102
}
330
1000011E
100
AcDbXrecord
1000
KH5C
  0
XRECORD
  5
10000120
102
{ACAD_REACTORS
330
1000011E
102
}
330
1000011E
100
AcDbXrecord
1000
KH3C
  0
XRECORD
  5
10000123
102
{ACAD_REACTORS
330
10000122
102
}
330
10000122
100
AcDbXrecord
1000
KHVD
  0
XRECORD
  5
10000124
102
{ACAD_REACTORS
330
10000122
102
}
330
10000122
100
AcDbXrecord
1000
KHTD
  0
XRECORD
  5
10000127
102
{ACAD_REACTORS
330
10000126
102
}
330
10000126
100
AcDbXrecord
1000
KHBB
  0
XRECORD
  5
10000128
102
{ACAD_REACTORS
330
10000126
102
}
330
10000126
100
AcDbXrecord
1000
JH/
  0
XRECORD
  5
1000012B
102
{ACAD_REACTORS
330
1000012A
102
}
330
1000012A
100
AcDbXrecord
1000
KHZD
  0
XRECORD
  5
1000012C
102
{ACAD_REACTORS
330
1000012A
102
}
330
1000012A
100
AcDbXrecord
1000
KHXD
  0
XRECORD
  5
1000012F
102
{ACAD_REACTORS
330
1000012E
102
}
330
1000012E
100
AcDbXrecord
1000
KHFB
  0
XRECORD
  5
10000130
102
{ACAD_REACTORS
330
1000012E
102
}
330
1000012E
100
AcDbXrecord
1000
KHDB
  0
XRECORD
  5
10000133
102
{ACAD_REACTORS
330
10000132
102
}
330
10000132
100
AcDbXrecord
1000
KHdD
  0
XRECORD
  5
10000134
102
{ACAD_REACTORS
330
10000132
102
}
330
10000132
100
AcDbXrecord
1000
KHbD
  0
XRECORD
  5
10000137
102
{ACAD_REACTORS
330
10000136
102
}
330
10000136
100
AcDbXrecord
1000
KHJB
  0
XRECORD
  5
10000138
102
{ACAD_REACTORS
330
10000136
102
}
330
10000136
100
AcDbXrecord
1000
KHHB
  0
XRECORD
  5
1000013B
102
{ACAD_REACTORS
330
1000013A
102
}
330
1000013A
100
AcDbXrecord
1000
KHtD
  0
XRECORD
  5
1000013C
102
{ACAD_REACTORS
330
1000013A
102
}
330
1000013A
100
AcDbXrecord
1000
KHrD
  0
XRECORD
  5
1000013F
102
{ACAD_REACTORS
330
1000013E
102
}
330
1000013E
100
AcDbXrecord
1000
KH5B
  0
XRECORD
  5
10000140
102
{ACAD_REACTORS
330
1000013E
102
}
330
1000013E
100
AcDbXrecord
1000
KH3B
  0
XRECORD
  5
10000143
102
{ACAD_REACTORS
330
10000142
102
}
330
10000142
100
AcDbXrecord
1000
KHxE
  0
XRECORD
  5
10000144
102
{ACAD_REACTORS
330
10000142
102
}
330
10000142
100
AcDbXrecord
1000
KH7E
  0
XRECORD
  5
10000147
102
{ACAD_REACTORS
330
10000146
102
}
330
10000146
100
AcDbXrecord
1000
KHxD
  0
XRECORD
  5
10000148
102
{ACAD_REACTORS
330
10000146
102
}
330
10000146
100
AcDbXrecord
1000
KHvD
  0
XRECORD
  5
1000014B
102
{ACAD_REACTORS
330
1000014A
102
}
330
1000014A
100
AcDbXrecord
1000
KH9B
  0
XRECORD
  5
1000014C
102
{ACAD_REACTORS
330
1000014A
102
}
330
1000014A
100
AcDbXrecord
1000
KH7B
  0
XRECORD
  5
1000014F
102
{ACAD_REACTORS
330
1000014E
102
}
330
1000014E
100
AcDbXrecord
1000
KH1D
  0
XRECORD
  5
10000150
102
{ACAD_REACTORS
330
1000014E
102
}
330
1000014E
100
AcDbXrecord
1000
KHzD
  0
XRECORD
  5
10000153
102
{ACAD_REACTORS
330
10000152
102
}
330
10000152
100
AcDbXrecord
1000
KHBC
  0
XRECORD
  5
10000154
102
{ACAD_REACTORS
330
10000152
102
}
330
10000152
100
AcDbXrecord
1000
KH/B
  0
XRECORD
  5
10000157
102
{ACAD_REACTORS
330
10000156
102
}
330
10000156
100
AcDbXrecord
1000
KH5D
  0
XRECORD
  5
10000158
102
{ACAD_REACTORS
330
10000156
102
}
330
10000156
100
AcDbXrecord
1000
KH3D
  0
XRECORD
  5
1000015B
102
{ACAD_REACTORS
330
1000015A
102
}
330
1000015A
100
AcDbXrecord
1000
KHFC
  0
XRECORD
  5
1000015C
102
{ACAD_REACTORS
330
1000015A
102
}
330
1000015A
100
AcDbXrecord
1000
KHDC
  0
XRECORD
  5
1000015F
102
{ACAD_REACTORS
330
1000015E
102
}
330
1000015E
100
AcDbXrecord
1000
KH9D
  0
XRECORD
  5
10000160
102
{ACAD_REACTORS
330
1000015E
102
}
330
1000015E
100
AcDbXrecord
1000
KH7D
  0
MATERIAL
  5
45
102
{ACAD_REACTORS
330
43
102
}
102
{ACAD_XDICTIONARY
360
10000196
102
}
330
43
100
AcDbMaterial
  1
BYBLOCK
  0
MATERIAL
  5
44
102
{ACAD_REACTORS
330
43
102
}
102
{ACAD_XDICTIONARY
360
10000194
102
}
330
43
100
AcDbMaterial
  1
BYLAYER
  0
MATERIAL
  5
46
102
{ACAD_REACTORS
330
43
102
}
102
{ACAD_XDICTIONARY
360
10000198
102
}
330
43
100
AcDbMaterial
  1
GLOBAL
  0
ACAD_PROXY_OBJECT
  5
5C
102
{ACAD_REACTORS
330
5B
102
}
330
5B
100
AcDbProxyObject
 90
      499
 91
      505
 93
      610
310
40901902A4063FBFFFFFE0000000000000020400000000000020404214DD185B99185C990000000000000104090141901A00000000000004100000000000000041025764000000000000039000
340
14
340
0
340
11
340
0
 94
        0
1001
ACAD_MLEADERVER
1070
     2
  0
MLINESTYLE
  5
18
102
{ACAD_REACTORS
330
17
102
}
330
17
100
AcDbMlineStyle
  2
Standard
 70
     0
  3

 62
   256
 51
90.0
 52
90.0
 71
     2
 49
0.5
 62
   256
  6
BYLAYER
 49
-0.5
 62
   256
  6
BYLAYER
  0
ACAD_PROXY_OBJECT
  5
10000023
102
{ACAD_REACTORS
330
47
102
}
330
47
100
AcDbProxyObject
 90
      499
 91
      503
 93
      121
310
9053130303A310000000000001650100
  0
ACAD_PROXY_OBJECT
  5
1000001D
102
{ACAD_REACTORS
330
47
102
}
330
47
100
AcDbProxyObject
 90
      499
 91
      503
 93
      113
310
90431303A310000000000000910100
  0
ACAD_PROXY_OBJECT
  5
1000001E
102
{ACAD_REACTORS
330
47
102
}
330
47
100
AcDbProxyObject
 90
      499
 91
      503
 93
      113
310
90431323A310000000000000A10100
  0
ACAD_PROXY_OBJECT
  5
1000001F
102
{ACAD_REACTORS
330
47
102
}
330
47
100
AcDbProxyObject
 90
      499
 91
      503
 93
      113
310
90431363A310000000000000C10100
  0
ACAD_PROXY_OBJECT
  5
10000006
102
{ACAD_REACTORS
330
47
102
}
330
47
100
AcDbProxyObject
 90
      499
 91
      503
 93
       41
310
903313A31500
  0
ACAD_PROXY_OBJECT
  5
1000000D
102
{ACAD_REACTORS
330
47
102
}
330
47
100
AcDbProxyObject
 90
      499
 91
      503
 93
      113
310
904313A31304000000000000244000
  0
ACAD_PROXY_OBJECT
  5
10000016
102
{ACAD_REACTORS
330
47
102
}
330
47
100
AcDbProxyObject
 90
      499
 91
      503
 93
      121
310
905313A3130304000000000000594000
  0
ACAD_PROXY_OBJECT
  5
1000000E
102
{ACAD_REACTORS
330
47
102
}
330
47
100
AcDbProxyObject
 90
      499
 91
      503
 93
      113
310
904313A31324000000000000284000
  0
ACAD_PROXY_OBJECT
  5
1000000F
102
{ACAD_REACTORS
330
47
102
}
330
47
100
AcDbProxyObject
 90
      499
 91
      503
 93
      113
310
904313A31364000000000000304000
  0
ACAD_PROXY_OBJECT
  5
10000007
102
{ACAD_REACTORS
330
47
102
}
330
47
100
AcDbProxyObject
 90
      499
 91
      503
 93
      105
310
903313A324000000000000004000
  0
ACAD_PROXY_OBJECT
  5
10000010
102
{ACAD_REACTORS
330
47
102
}
330
47
100
AcDbProxyObject
 90
      499
 91
      503
 93
      113
310
904313A32304000000000000344000
  0
ACAD_PROXY_OBJECT
  5
10000011
102
{ACAD_REACTORS
330
47
102
}
330
47
100
AcDbProxyObject
 90
      499
 91
      503
 93
      113
310
904313A32354000000000000394000
  0
ACAD_PROXY_OBJECT
  5
10000008
102
{ACAD_REACTORS
330
47
102
}
330
47
100
AcDbProxyObject
 90
      499
 91
      503
 93
      105
310
903313A334000000000000084000
  0
ACAD_PROXY_OBJECT
  5
10000012
102
{ACAD_REACTORS
330
47
102
}
330
47
100
AcDbProxyObject
 90
      499
 91
      503
 93
      113
310
904313A33324000000000000404000
  0
ACAD_PROXY_OBJECT
  5
10000009
102
{ACAD_REACTORS
330
47
102
}
330
47
100
AcDbProxyObject
 90
      499
 91
      503
 93
      105
310
903313A344000000000000104000
  0
ACAD_PROXY_OBJECT
  5
10000013
102
{ACAD_REACTORS
330
47
102
}
330
47
100
AcDbProxyObject
 90
      499
 91
      503
 93
      113
310
904313A34304000000000000444000
  0
ACAD_PROXY_OBJECT
  5
1000000A
102
{ACAD_REACTORS
330
47
102
}
330
47
100
AcDbProxyObject
 90
      499
 91
      503
 93
      105
310
903313A354000000000000144000
  0
ACAD_PROXY_OBJECT
  5
10000014
102
{ACAD_REACTORS
330
47
102
}
330
47
100
AcDbProxyObject
 90
      499
 91
      503
 93
      113
310
904313A35304000000000000494000
  0
ACAD_PROXY_OBJECT
  5
1000000B
102
{ACAD_REACTORS
330
47
102
}
330
47
100
AcDbProxyObject
 90
      499
 91
      503
 93
      105
310
903313A364000000000000184000
  0
ACAD_PROXY_OBJECT
  5
1000000C
102
{ACAD_REACTORS
330
47
102
}
330
47
100
AcDbProxyObject
 90
      499
 91
      503
 93
      105
310
903313A384000000000000204000
  0
ACAD_PROXY_OBJECT
  5
10000015
102
{ACAD_REACTORS
330
47
102
}
330
47
100
AcDbProxyObject
 90
      499
 91
      503
 93
      113
310
904313A38304000000000000544000
  0
ACAD_PROXY_OBJECT
  5
10000020
102
{ACAD_REACTORS
330
47
102
}
330
47
100
AcDbProxyObject
 90
      499
 91
      503
 93
      113
310
90432303A310000000000000D10100
  0
ACAD_PROXY_OBJECT
  5
10000017
102
{ACAD_REACTORS
330
47
102
}
330
47
100
AcDbProxyObject
 90
      499
 91
      503
 93
      105
310
903323A310000000000000010100
  0
ACAD_PROXY_OBJECT
  5
10000021
102
{ACAD_REACTORS
330
47
102
}
330
47
100
AcDbProxyObject
 90
      499
 91
      503
 93
      113
310
90433323A310000000000001010100
  0
ACAD_PROXY_OBJECT
  5
10000018
102
{ACAD_REACTORS
330
47
102
}
330
47
100
AcDbProxyObject
 90
      499
 91
      503
 93
      105
310
903333A310000000000000210100
  0
ACAD_PROXY_OBJECT
  5
10000019
102
{ACAD_REACTORS
330
47
102
}
330
47
100
AcDbProxyObject
 90
      499
 91
      503
 93
      105
310
903343A310000000000000410100
  0
ACAD_PROXY_OBJECT
  5
10000022
102
{ACAD_REACTORS
330
47
102
}
330
47
100
AcDbProxyObject
 90
      499
 91
      503
 93
      113
310
90435303A310000000000001250100
  0
ACAD_PROXY_OBJECT
  5
1000001A
102
{ACAD_REACTORS
330
47
102
}
330
47
100
AcDbProxyObject
 90
      499
 91
      503
 93
      105
310
903353A310000000000000510100
  0
ACAD_PROXY_OBJECT
  5
1000001B
102
{ACAD_REACTORS
330
47
102
}
330
47
100
AcDbProxyObject
 90
      499
 91
      503
 93
      105
310
903363A310000000000000610100
  0
ACAD_PROXY_OBJECT
  5
1000001C
102
{ACAD_REACTORS
330
47
102
}
330
47
100
AcDbProxyObject
 90
      499
 91
      503
 93
      105
310
903383A310000000000000810100
  0
ACAD_PROXY_OBJECT
  5
2F
102
{ACAD_REACTORS
330
2A
102
}
330
2A
100
AcDbProxyObject
 90
      499
 91
      501
 93
      436
310
42CC9915DA5C99599C985B595049028333333333333E33F0000000000000F90107901411070040501600405405064090741402480A0340
1001
ACAD
1000
AcDbSavedByObjectVersion
1070
     0
  0
ACAD_PROXY_OBJECT
  5
32
102
{ACAD_REACTORS
330
2A
102
}
330
2A
100
AcDbProxyObject
 90
      499
 91
      501
 93
      388
310
4150985CDA58D07406404333333333333E33F0000000000000F90107A41107004050150841D405064090741402480A0350
1001
ACAD
1000
AcDbSavedByObjectVersion
1070
     0
  0
ACAD_PROXY_OBJECT
  5
36
102
{ACAD_REACTORS
330
2A
102
}
330
2A
100
AcDbProxyObject
 90
      499
 91
      501
 93
      428
310
42109C9A59DA1D195B90C409028333333333333E33F0000000000000F9010790141107004050150841D405064090741402480A029950
1001
ACAD
1000
AcDbSavedByObjectVersion
1070
     0
  0
ACAD_PROXY_OBJECT
  5
3A
102
{ACAD_REACTORS
330
2A
102
}
330
2A
100
AcDbProxyObject
 90
      499
 91
      501
 93
      452
310
42D0DBDB1BDC90DA185B99D95104090240C333333333333E33F0000000000000F90108901411070040501508421405064090741402480A0350
1001
ACAD
1000
AcDbSavedByObjectVersion
1070
     0
  0
ACAD_PROXY_OBJECT
  5
34
102
{ACAD_REACTORS
330
2A
102
}
330
2A
100
AcDbProxyObject
 90
      499
 91
      501
 93
      500
310
4290DBDB98D95C1D1D585B10940D028333333333333E33F0000000000000F90107902409070040501000000000018199010841D405064090740C02480A0340
1001
ACAD
1000
AcDbSavedByObjectVersion
1070
     0
  0
ACAD_PROXY_OBJECT
  5
35
102
{ACAD_REACTORS
330
2A
102
}
330
2A
100
AcDbProxyObject
 90
      499
 91
      501
 93
      412
310
40D11A5B50B409028333333333333E33F0000000000000F9010790141107004050150841D405064090741402480A02677FFFFFD0
1001
ACAD
1000
AcDbSavedByObjectVersion
1070
     0
  0
ACAD_PROXY_OBJECT
  5
3D
102
{ACAD_REACTORS
330
2A
102
}
330
2A
100
AcDbProxyObject
 90
      499
 91
      501
 93
      452
310
43115919D950DBDB1BDC93D999916409028333333333333E33F0000000000000F9010790141107004050150841D405064090741402480A0350
1001
ACAD
1000
AcDbSavedByObjectVersion
1070
     0
  0
ACAD_PROXY_OBJECT
  5
39
102
{ACAD_REACTORS
330
2A
102
}
330
2A
100
AcDbProxyObject
 90
      499
 91
      501
 93
      444
310
42D19858D95C185D1D195C9B90F409028333333333333E33F0000000000000F9010790141107004050150841D405064090741402480A0350
1001
ACAD
1000
AcDbSavedByObjectVersion
1070
     0
  0
ACAD_PROXY_OBJECT
  5
2B
102
{ACAD_REACTORS
330
2A
102
}
330
2A
100
AcDbProxyObject
 90
      499
 91
      501
 93
      380
310
41119B185D240901404333333333333E33F0000000000000F9010740A907004050150841D405064090741402480A1B50
1001
ACAD
1000
AcDbSavedByObjectVersion
1070
     0
  0
ACAD_PROXY_OBJECT
  5
2C
102
{ACAD_REACTORS
330
2A
102
}
330
2A
100
AcDbProxyObject
 90
      499
 91
      501
 93
      468
310
43519B185D15DA5D1A115919D95CD0140901404333333333333E33F0000000000000F90107409019070040501600405405064090741402480A1B50
1001
ACAD
1000
AcDbSavedByObjectVersion
1070
     0
  0
ACAD_PROXY_OBJECT
  5
2D
102
{ACAD_REACTORS
330
2A
102
}
330
2A
100
AcDbProxyObject
 90
      499
 91
      501
 93
      404
310
41D1DBDD5C985D5910240902404333333333333E33F0000000000000F9010740A9070040501641D405064090741402480A1B50
1001
ACAD
1000
AcDbSavedByObjectVersion
1070
     0
  0
ACAD_PROXY_OBJECT
  5
2E
102
{ACAD_REACTORS
330
2A
102
}
330
2A
100
AcDbProxyObject
 90
      499
 91
      501
 93
      492
310
4411DBDD5C985D5915DA5D1A115919D95CD0340902404333333333333E33F0000000000000F90107409019070040501600405405064090741402480A1B50
1001
ACAD
1000
AcDbSavedByObjectVersion
1070
     0
  0
ACAD_PROXY_OBJECT
  5
31
102
{ACAD_REACTORS
330
2A
102
}
330
2A
100
AcDbProxyObject
 90
      499
 91
      501
 93
      476
310
41921A5919195B90640502408333333333333E33F0000000000000F901079024090700405020000000000001110200405405064090740C02480A0340
1001
ACAD
1000
AcDbSavedByObjectVersion
1070
     0
  0
ACAD_PROXY_OBJECT
  5
3B
102
{ACAD_REACTORS
330
2A
102
}
330
2A
100
AcDbProxyObject
 90
      499
 91
      501
 93
      428
310
42529A5D1D195C93D999914409028333333333333E33F0000000000000F9010790141107004050150A41D405064090741402480A0350
1001
ACAD
1000
AcDbSavedByObjectVersion
1070
     0
  0
ACAD_PROXY_OBJECT
  5
38
102
{ACAD_REACTORS
330
2A
102
}
330
2A
100
AcDbProxyObject
 90
      499
 91
      501
 93
      444
310
42D31A5B995C185D1D195C9B90E409028333333333333E33F0000000000000F9010790141107004050750841D405064090741402483A0350
1001
ACAD
1000
AcDbSavedByObjectVersion
1070
     0
  0
ACAD_PROXY_OBJECT
  5
3C
102
{ACAD_REACTORS
330
2A
102
}
330
2A
100
AcDbProxyObject
 90
      499
 91
      501
 93
      444
310
42D3DD995C9A185B99D3D999915409028333333333333E33F0000000000000F9010790141107004050150941D405064090741402480A0350
1001
ACAD
1000
AcDbSavedByObjectVersion
1070
     0
  0
ACAD_PROXY_OBJECT
  5
33
102
{ACAD_REACTORS
330
2A
102
}
330
2A
100
AcDbProxyObject
 90
      499
 91
      501
 93
      428
310
425499585B1A5CDD1A58D08409038333333333333E33F0000000000000F9010740A907004050150800405405064090740C02480A1B40
1001
ACAD
1000
AcDbSavedByObjectVersion
1070
     0
  0
ACAD_PROXY_OBJECT
  5
42
102
{ACAD_REACTORS
330
2A
102
}
330
2A
100
AcDbProxyObject
 90
      499
 91
      501
 93
      420
310
4194DA1859195911B40902404333333333333E33F0000000000000F9010740A41107004050150800405405064090840C02480A0B40
1001
ACAD
1000
AcDbSavedByObjectVersion
1070
     0
  0
ACAD_PROXY_OBJECT
  5
41
102
{ACAD_REACTORS
330
2A
102
}
330
2A
100
AcDbProxyObject
 90
      499
 91
      501
 93
      516
310
4454DA18591959081DDA5D1A08195919D95CD1A40902404333333333333E33F0000000000000F901074090142907004050250800405405064090740C02480A0B40
1001
ACAD
1000
AcDbSavedByObjectVersion
1070
     0
  0
ACAD_PROXY_OBJECT
  5
3E
102
{ACAD_REACTORS
330
2A
102
}
330
2A
100
AcDbProxyObject
 90
      499
 91
      501
 93
      532
310
4394DA1859195CC81BD98811DC985E5174090240C333333333333E33F0000000000000F901079024090741D01000000000000111010841D405064090740C02480A0340
1001
ACAD
1000
AcDbSavedByObjectVersion
1070
     0
  0
ACAD_PROXY_OBJECT
  5
3F
102
{ACAD_REACTORS
330
2A
102
}
330
2A
100
AcDbProxyObject
 90
      499
 91
      501
 93
      476
310
41D4DAD95D18DA1E51840502408333333333333E33F0000000000000F901079024090741D01000000000000111010B41D405064090741802480A0340
1001
ACAD
1000
AcDbSavedByObjectVersion
1070
     0
  0
ACAD_PROXY_OBJECT
  5
37
102
{ACAD_REACTORS
330
2A
102
}
330
2A
100
AcDbProxyObject
 90
      499
 91
      501
 93
      412
310
41D51A1A58DAD95B90D409028333333333333E33F0000000000000F9010790141107004050150C41D405064090741402480A0350
1001
ACAD
1000
AcDbSavedByObjectVersion
1070
     0
  0
ACAD_PROXY_OBJECT
  5
30
102
{ACAD_REACTORS
330
2A
102
}
330
2A
100
AcDbProxyObject
 90
      499
 91
      501
 93
      420
310
4255DA5C99599C985B595059028333333333333E33F0000000000000F90107901411070040501600405405064090740C02480A0340
1001
ACAD
1000
AcDbSavedByObjectVersion
1070
     0
  0
ACAD_PROXY_OBJECT
  5
40
102
{ACAD_REACTORS
330
2A
102
}
330
2A
100
AcDbProxyObject
 90
      499
 91
      501
 93
      404
310
41560B54985E51940902404000000000000E03F0000000000000F9010740501907004050150841D405064090740C02480A1B40
1001
ACAD
1000
AcDbSavedByObjectVersion
1070
     0
  0
XRECORD
  5
1000016D
102
{ACAD_REACTORS
330
10000163
102
}
330
10000163
100
AcDbXrecord
340
0
  0
XRECORD
  5
1000016C
102
{ACAD_REACTORS
330
10000163
102
}
330
10000163
100
AcDbXrecord
 90
        0
  0
XRECORD
  5
10000183
102
{ACAD_REACTORS
330
10000163
102
}
330
10000163
100
AcDbXrecord
1000
DSTYLE
1002
{
1070
   340
340
11
1002
}
  0
XRECORD
  5
1000016E
102
{ACAD_REACTORS
330
10000163
102
}
330
10000163
100
AcDbXrecord
  1
{70b7f563-6272-7477-36e6-747573723932}
  0
XRECORD
  5
10000166
102
{ACAD_REACTORS
330
10000163
102
}
330
10000163
100
AcDbXrecord
  1

  0
XRECORD
  5
1000016B
102
{ACAD_REACTORS
330
10000163
102
}
330
10000163
100
AcDbXrecord
 90
        4
  0
XRECORD
  5
10000168
102
{ACAD_REACTORS
330
10000163
102
}
330
10000163
100
AcDbXrecord
340
1A
  0
XRECORD
  5
1000016A
102
{ACAD_REACTORS
330
10000163
102
}
330
10000163
100
AcDbXrecord
 90
    10781
  0
XRECORD
  5
10000169
102
{ACAD_REACTORS
330
10000163
102
}
330
10000163
100
AcDbXrecord
340
19
  0
XRECORD
  5
10000170
102
{ACAD_REACTORS
330
10000163
102
}
330
10000163
100
AcDbXrecord
 40
0.0
  0
XRECORD
  5
10000173
102
{ACAD_REACTORS
330
10000163
102
}
330
10000163
100
AcDbXrecord
340
0
  0
XRECORD
  5
10000179
102
{ACAD_REACTORS
330
10000163
102
}
330
10000163
100
AcDbXrecord
 10
0.0
 20
0.0
 30
0.0
  0
XRECORD
  5
10000175
102
{ACAD_REACTORS
330
10000163
102
}
330
10000163
100
AcDbXrecord
 10
0.0
 20
0.0
 30
0.0
  0
XRECORD
  5
10000178
102
{ACAD_REACTORS
330
10000163
102
}
330
10000163
100
AcDbXrecord
 10
0.0
 20
0.0
 30
0.0
  0
XRECORD
  5
10000176
102
{ACAD_REACTORS
330
10000163
102
}
330
10000163
100
AcDbXrecord
 10
0.0
 20
0.0
 30
0.0
  0
XRECORD
  5
10000177
102
{ACAD_REACTORS
330
10000163
102
}
330
10000163
100
AcDbXrecord
 10
0.0
 20
0.0
 30
0.0
  0
XRECORD
  5
10000174
102
{ACAD_REACTORS
330
10000163
102
}
330
10000163
100
AcDbXrecord
 10
0.0
 20
0.0
 30
0.0
  0
XRECORD
  5
10000171
102
{ACAD_REACTORS
330
10000163
102
}
330
10000163
100
AcDbXrecord
340
0
  0
XRECORD
  5
10000172
102
{ACAD_REACTORS
330
10000163
102
}
330
10000163
100
AcDbXrecord
 70
     0
  0
XRECORD
  5
10000167
102
{ACAD_REACTORS
330
10000163
102
}
330
10000163
100
AcDbXrecord
  1

  0
XRECORD
  5
10000164
102
{ACAD_REACTORS
330
10000163
102
}
330
10000163
100
AcDbXrecord
 90
        1
  0
XRECORD
  5
10000165
102
{ACAD_REACTORS
330
10000163
102
}
330
10000163
100
AcDbXrecord
 90
       70
  0
XRECORD
  5
1000017C
102
{ACAD_REACTORS
330
10000163
102
}
330
10000163
100
AcDbXrecord
340
0
  0
XRECORD
  5
10000182
102
{ACAD_REACTORS
330
10000163
102
}
330
10000163
100
AcDbXrecord
 10
0.0
 20
0.0
 30
0.0
  0
XRECORD
  5
1000017E
102
{ACAD_REACTORS
330
10000163
102
}
330
10000163
100
AcDbXrecord
 10
0.0
 20
0.0
 30
0.0
  0
XRECORD
  5
10000181
102
{ACAD_REACTORS
330
10000163
102
}
330
10000163
100
AcDbXrecord
 10
0.0
 20
0.0
 30
0.0
  0
XRECORD
  5
1000017F
102
{ACAD_REACTORS
330
10000163
102
}
330
10000163
100
AcDbXrecord
 10
0.0
 20
0.0
 30
0.0
  0
XRECORD
  5
10000180
102
{ACAD_REACTORS
330
10000163
102
}
330
10000163
100
AcDbXrecord
 10
0.0
 20
0.0
 30
0.0
  0
XRECORD
  5
1000017D
102
{ACAD_REACTORS
330
10000163
102
}
330
10000163
100
AcDbXrecord
 10
0.0
 20
0.0
 30
0.0
  0
XRECORD
  5
1000017A
102
{ACAD_REACTORS
330
10000163
102
}
330
10000163
100
AcDbXrecord
340
0
  0
XRECORD
  5
1000017B
102
{ACAD_REACTORS
330
10000163
102
}
330
10000163
100
AcDbXrecord
 70
     0
  0
XRECORD
  5
1000016F
102
{ACAD_REACTORS
330
10000163
102
}
330
10000163
100
AcDbXrecord
  1
{FAEB1C32-E019-11D5-929B-00C0DF256EC4}
  0
DICTIONARYVAR
  5
10000192
102
{ACAD_REACTORS
330
10000184
102
}
330
10000184
100
DictionaryVariables
280
     0
  1
1:1
  0
DICTIONARYVAR
  5
1000018B
102
{ACAD_REACTORS
330
10000184
102
}
330
10000184
100
DictionaryVariables
280
     0
  1
3.500000
  0
DICTIONARYVAR
  5
1000018C
102
{ACAD_REACTORS
330
10000184
102
}
330
10000184
100
DictionaryVariables
280
     0
  1
acadiso.lin
  0
DICTIONARYVAR
  5
10000186
102
{ACAD_REACTORS
330
10000184
102
}
330
10000184
100
DictionaryVariables
280
     0
  1
Standard
  0
DICTIONARYVAR
  5
10000185
102
{ACAD_REACTORS
330
10000184
102
}
330
10000184
100
DictionaryVariables
280
     0
  1
Standard
  0
DICTIONARYVAR
  5
1000018D
102
{ACAD_REACTORS
330
10000184
102
}
330
10000184
100
DictionaryVariables
280
     0
  1
2
  0
DICTIONARYVAR
  5
1000018E
102
{ACAD_REACTORS
330
10000184
102
}
330
10000184
100
DictionaryVariables
280
     0
  1
1
  0
DICTIONARYVAR
  5
10000193
102
{ACAD_REACTORS
330
10000184
102
}
330
10000184
100
DictionaryVariables
280
     0
  1
1
  0
DICTIONARYVAR
  5
10000188
102
{ACAD_REACTORS
330
10000184
102
}
330
10000184
100
DictionaryVariables
280
     0
  1
80.000000
  0
DICTIONARYVAR
  5
10000187
102
{ACAD_REACTORS
330
10000184
102
}
330
10000184
100
DictionaryVariables
280
     0
  1
5.000000
  0
XRECORD
  5
10000003
102
{ACAD_REACTORS
330
10000001
102
}
330
10000001
100
AcDbXrecord
 70
     4
  0
XRECORD
  5
10000002
102
{ACAD_REACTORS
330
10000001
102
}
330
10000001
100
AcDbXrecord
1040
89.0
  0
ACAD_PROXY_OBJECT
  5
10000005
102
{ACAD_REACTORS
330
10000001
102
}
330
10000001
100
AcDbProxyObject
 90
      499
 91
      509
 93
       34
310
40C8804040
  0
DICTIONARY
  5
10000196
330
45
100
AcDbDictionary
280
     1
  3
ACAD_XREC_ROUNDTRIP
360
10000197
  0
DICTIONARY
  5
10000194
330
44
100
AcDbDictionary
280
     1
  3
ACAD_XREC_ROUNDTRIP
360
10000195
  0
DICTIONARY
  5
10000198
330
46
100
AcDbDictionary
280
     1
  3
ACAD_XREC_ROUNDTRIP
360
10000199
  0
XRECORD
  5
10000197
102
{ACAD_REACTORS
330
10000196
102
}
330
10000196
100
AcDbXrecord
102
MATERIAL
148
0.0
149
0.0
149
0.0
 93
        0
 94
      127
282
     0
 72
     1
 77
     1
171
     1
175
     1
179
     1
273
     0
  0
XRECORD
  5
10000195
102
{ACAD_REACTORS
330
10000194
102
}
330
10000194
100
AcDbXrecord
102
MATERIAL
148
0.0
149
0.0
149
0.0
 93
        0
 94
      127
282
     0
 72
     1
 77
     1
171
     1
175
     1
179
     1
273
     0
  0
XRECORD
  5
10000199
102
{ACAD_REACTORS
330
10000198
102
}
330
10000198
100
AcDbXrecord
102
MATERIAL
148
0.0
149
0.0
149
0.0
 93
        0
 94
      127
282
     0
 72
     1
 77
     1
171
     1
175
     1
179
     1
273
     0
  0
ENDSEC
  0
EOF
